,episode,step,score,epsilon,good,best
0,0.0,140.0,1188.0,0.4995,,
1,1.0,105.0,772.0,0.47798797889067046,,
2,2.0,147.0,1244.0,0.4995,,
3,3.0,85.0,580.0,0.4995,,
4,4.0,138.0,1320.0,0.4995,,
5,5.0,116.0,1028.0,0.4995,,
6,6.0,163.0,1368.0,0.4995,,
7,7.0,227.0,2436.0,0.4995,,
8,8.0,188.0,2056.0,0.4995,,
9,9.0,128.0,1076.0,0.4995,,
10,10.0,99.0,708.0,0.31970044542059484,,
11,11.0,92.0,696.0,0.31970044542059484,,
12,12.0,81.0,604.0,0.31970044542059484,,
13,13.0,97.0,692.0,0.31970044542059484,,
14,14.0,128.0,1152.0,0.46431865535035116,,
15,15.0,142.0,1376.0,0.46431865535035116,,
16,16.0,111.0,920.0,0.31588507012884626,,
17,17.0,91.0,612.0,0.31970044542059484,,
18,18.0,133.0,1152.0,0.46431865535035116,,
19,19.0,112.0,916.0,0.31651778918943596,,
20,20.0,75.0,484.0,0.11464857812906921,,
21,21.0,186.0,2100.0,0.4995,,
22,22.0,153.0,1512.0,0.46431865535035116,,
23,23.0,77.0,556.0,0.30228081327852846,,
24,24.0,156.0,1416.0,0.46431865535035116,,
25,25.0,90.0,648.0,0.3019785324652499,,
26,26.0,119.0,1068.0,0.46431865535035116,,
27,27.0,79.0,516.0,0.11026119976939638,,
28,28.0,124.0,972.0,0.2740491302890055,,
29,29.0,84.0,596.0,0.30228081327852846,,
30,30.0,201.0,2288.0,0.4995,,
31,31.0,142.0,1280.0,0.46015646397946924,,
32,32.0,143.0,1276.0,0.46015646397946924,,
33,33.0,97.0,712.0,0.2332770596200663,,
34,34.0,57.0,312.0,0.06993907057083926,,
35,35.0,112.0,1008.0,0.46015646397946924,,
36,36.0,132.0,1176.0,0.46015646397946924,,
37,37.0,76.0,564.0,0.24183238355519554,,
38,38.0,80.0,572.0,0.06116391539500838,,
39,39.0,67.0,424.0,0.06632705775796431,,
40,40.0,90.0,660.0,0.18532513472475265,,
41,41.0,79.0,524.0,0.03686653500436223,,
42,42.0,70.0,484.0,0.18532513472475265,,
43,43.0,165.0,2004.0,0.4995,,
44,44.0,218.0,2452.0,0.4995,,
45,45.0,130.0,1148.0,0.44432179305735386,,
46,46.0,152.0,1440.0,0.4368284492551573,,
47,47.0,140.0,1324.0,0.43334602842585557,,
48,48.0,83.0,596.0,0.17365650620293052,,
49,49.0,128.0,1144.0,0.41885279741554393,,
50,50.0,143.0,1232.0,0.11136990046959969,,
51,51.0,116.0,1048.0,0.40443944732473947,,
52,52.0,90.0,724.0,0.12785875061051158,,
53,53.0,85.0,628.0,0.130835086886707,,
54,54.0,117.0,1076.0,0.40443944732473947,,
55,55.0,151.0,1408.0,0.40443944732473947,,
56,56.0,87.0,644.0,0.129662270194176,,
57,57.0,107.0,880.0,0.12004835533404647,,
58,58.0,121.0,992.0,0.11362085865867098,,
59,59.0,122.0,1084.0,0.40443944732473947,,
60,60.0,109.0,908.0,0.0961378932313817,,
61,61.0,106.0,1000.0,0.40443944732473947,,
62,62.0,153.0,1480.0,0.40443944732473947,,
63,63.0,219.0,2468.0,0.4995,,
64,64.0,120.0,1092.0,0.40443944732473947,,
65,65.0,128.0,1256.0,0.40443944732473947,,
66,66.0,74.0,560.0,0.10971099528048628,,
67,67.0,147.0,1404.0,0.40443944732473947,,
68,68.0,157.0,1448.0,0.40443944732473947,,
69,69.0,179.0,2076.0,0.4995,,
70,70.0,187.0,2156.0,0.4995,,
71,71.0,227.0,2600.0,0.4995,,
72,72.0,111.0,908.0,0.06520847331098349,,
73,73.0,265.0,3072.0,0.4995,,
74,74.0,75.0,568.0,0.06882839909127896,,
75,75.0,96.0,736.0,0.06692699697226709,,
76,76.0,80.0,552.0,0.06882839909127896,,
77,77.0,169.0,1648.0,0.36012240552555214,,
78,78.0,217.0,2204.0,0.3181051370025398,,
79,79.0,122.0,1144.0,0.37935407597416754,,
80,80.0,156.0,1476.0,0.2989723000004739,,
81,81.0,152.0,1460.0,0.2989723000004739,,
82,82.0,154.0,1440.0,0.2989723000004739,,
83,83.0,156.0,1460.0,0.2989723000004739,,
84,84.0,150.0,1444.0,0.2989723000004739,,
85,85.0,230.0,2584.0,0.4995,,
86,86.0,150.0,1416.0,0.2989723000004739,,
87,87.0,149.0,1408.0,0.2989723000004739,,
88,88.0,102.0,936.0,0.2989723000004739,,
89,89.0,123.0,1016.0,0.032176493928102345,,
90,90.0,165.0,1636.0,0.2567941718462651,,
91,91.0,190.0,2176.0,0.4995,,
92,92.0,216.0,2432.0,0.4995,,
93,93.0,198.0,2060.0,0.23374431450476132,,
94,94.0,161.0,1580.0,0.254237755104097,,
95,95.0,73.0,552.0,0.023643354481040203,,
96,96.0,277.0,3240.0,0.4995,,
97,97.0,181.0,1880.0,0.23257792803910793,,
98,98.0,211.0,2368.0,0.4995,,
99,99.0,223.0,2504.0,0.4995,,
100,100.0,141.0,1356.0,0.18384771238548175,,
101,101.0,84.0,620.0,0.008564058849249925,,
102,102.0,166.0,1772.0,0.1747021017734673,,
103,103.0,251.0,2756.0,0.4995,,
104,104.0,161.0,1608.0,0.1747021017734673,,
105,105.0,101.0,800.0,0.008089328495742943,,
106,106.0,188.0,1856.0,0.16717818725656022,,
107,107.0,192.0,2272.0,0.4995,,
108,108.0,98.0,736.0,0.008402797919699317,,
109,109.0,189.0,2008.0,0.16667715406217412,,
110,110.0,203.0,2296.0,0.4995,,
111,111.0,139.0,1328.0,0.15633899755206265,,
112,112.0,167.0,1632.0,0.15633899755206265,,
113,113.0,148.0,1420.0,0.15633899755206265,,
114,114.0,160.0,1504.0,0.15633899755206265,,
115,115.0,151.0,1496.0,0.15633899755206265,,
116,116.0,253.0,3060.0,0.4995,,
117,117.0,218.0,2280.0,0.14373691979071276,,
118,118.0,162.0,1624.0,0.15633899755206265,,
119,119.0,260.0,3064.0,0.4995,,
120,120.0,88.0,636.0,0.0018585753121607917,,
121,121.0,160.0,1532.0,0.13334598717620724,,
122,122.0,203.0,2144.0,0.13044297400047244,,
123,123.0,101.0,880.0,0.001764353290647986,,
124,124.0,186.0,1816.0,0.1320185119003187,,
125,125.0,94.0,724.0,0.001794618960885136,,
126,126.0,143.0,1368.0,0.13334598717620724,,
127,127.0,220.0,2696.0,0.4995,,
128,128.0,146.0,1276.0,0.0014242952703796326,,
129,129.0,53.0,280.0,1.586607883730562e-05,,
130,130.0,137.0,1276.0,0.1281148522000595,,
131,131.0,242.0,2892.0,0.4995,,
132,132.0,193.0,2044.0,0.12734808224926605,,
133,133.0,206.0,2408.0,0.4995,,
134,134.0,220.0,2680.0,0.4995,,
135,135.0,124.0,1044.0,0.0009422077441960284,,
136,136.0,85.0,624.0,0.0011741923856433095,,
137,137.0,208.0,2416.0,0.4995,,
138,138.0,89.0,616.0,0.0011683331539028953,,
139,139.0,169.0,1580.0,0.1281148522000595,,
140,140.0,149.0,1420.0,0.11708288635833294,,
141,141.0,205.0,2364.0,0.4995,,
142,142.0,134.0,1148.0,0.000506191511216431,,
143,143.0,126.0,1080.0,0.0005221373044750436,,
144,144.0,107.0,880.0,0.0005478242943022827,,
145,145.0,147.0,1396.0,0.11708288635833294,,
146,146.0,165.0,1692.0,0.11603334554479207,,
147,147.0,138.0,1252.0,0.00045616885802420156,,
148,148.0,198.0,2140.0,0.10905437278115766,,
149,149.0,189.0,2228.0,0.4995,,
150,150.0,107.0,904.0,0.00034333991041347786,,
151,151.0,156.0,1520.0,0.10764514106436263,,
152,152.0,103.0,800.0,0.0003485314443846946,,
153,153.0,93.0,712.0,0.00036023081001112893,,
154,154.0,223.0,2536.0,0.4995,,
155,155.0,141.0,1428.0,0.10775289395832095,,
156,156.0,205.0,2424.0,0.4995,,
157,157.0,258.0,3044.0,0.4995,,
158,158.0,116.0,1072.0,0.10775289395832095,,
159,160.0,148.0,1436.0,0.08307223246334136,,
160,161.0,128.0,1180.0,0.08307223246334136,,
161,162.0,111.0,920.0,0.00017009714495308046,,
162,163.0,138.0,1352.0,0.08307223246334136,,
163,164.0,213.0,2228.0,0.08183483387607866,,
164,165.0,142.0,1416.0,0.08307223246334136,,
165,166.0,250.0,3048.0,0.4995,,
166,167.0,124.0,1224.0,0.08307223246334136,,
167,168.0,143.0,1372.0,0.08307223246334136,,
168,169.0,91.0,608.0,1.8013367419245054e-07,,
169,170.0,140.0,1336.0,0.07893975629095641,,
170,171.0,111.0,840.0,9.645591123965585e-05,,
171,172.0,134.0,1348.0,0.07893975629095641,,
172,173.0,152.0,1480.0,0.07893975629095641,,
173,174.0,147.0,1416.0,0.07893975629095641,,
174,175.0,207.0,2416.0,0.4995,,
175,176.0,141.0,1388.0,0.07893975629095641,,
176,177.0,89.0,640.0,0.00010941511767851035,,
177,178.0,100.0,980.0,0.07893975629095641,,
178,179.0,194.0,2012.0,0.07846730027194354,,
179,180.0,116.0,1100.0,0.07660558405294508,,
180,181.0,150.0,1452.0,0.07660558405294508,,
181,182.0,233.0,2772.0,0.4995,,
182,183.0,240.0,2712.0,0.4995,,
183,184.0,149.0,1444.0,0.07660558405294508,,
184,185.0,124.0,1132.0,0.07660558405294508,,
185,186.0,118.0,1120.0,0.07660558405294508,,
186,187.0,104.0,820.0,6.457874887159057e-05,,
187,188.0,99.0,812.0,6.621439590956155e-05,,
188,189.0,132.0,1276.0,0.07660558405294508,,
189,190.0,128.0,1060.0,3.614704484920103e-05,,
190,191.0,88.0,580.0,1.3672819035002483e-08,,
191,192.0,216.0,2612.0,0.4995,,
192,193.0,83.0,556.0,1.3907362215395583e-08,,
193,194.0,135.0,1260.0,0.06773536569477355,,
194,195.0,123.0,1144.0,0.06787103990354072,,
195,196.0,138.0,1348.0,0.06773536569477355,,
196,197.0,169.0,1672.0,0.06449475583268541,,
197,198.0,142.0,1396.0,0.06488308237740294,,
198,199.0,203.0,2304.0,0.4995,,
199,200.0,113.0,1104.0,0.059355357578375546,,
200,201.0,228.0,2416.0,0.05788914447656943,,
201,202.0,179.0,1752.0,0.0591774695123578,,
202,203.0,179.0,1804.0,0.05905917375080259,,
203,204.0,213.0,2232.0,0.05788914447656943,,
204,205.0,113.0,1084.0,0.059355357578375546,,
205,206.0,83.0,556.0,5.829805079866403e-09,,
206,207.0,197.0,2344.0,0.4995,,
207,208.0,140.0,1280.0,1.938081173023857e-05,,
208,209.0,152.0,1476.0,0.059355357578375546,,
209,210.0,146.0,1428.0,0.05788914447656943,,
210,211.0,123.0,1172.0,0.05788914447656943,,
211,212.0,176.0,1760.0,0.055785354300694014,,
212,213.0,129.0,1168.0,0.05788914447656943,,
213,214.0,211.0,2316.0,0.05170080447585514,,
214,215.0,112.0,1052.0,0.05788914447656943,,
215,216.0,213.0,2436.0,0.4995,,
216,217.0,211.0,2444.0,0.4995,,
217,218.0,177.0,1652.0,0.055396026362493384,,
218,219.0,148.0,1620.0,0.05788914447656943,,
219,220.0,191.0,2204.0,0.4995,,
220,221.0,165.0,1592.0,0.0504741504952239,,
221,222.0,246.0,2948.0,0.4995,,
222,223.0,201.0,2348.0,0.4995,,
223,224.0,144.0,1424.0,0.05159745456770791,,
224,225.0,133.0,1116.0,4.872431189997415e-06,,
225,226.0,127.0,1232.0,0.05159745456770791,,
226,227.0,90.0,664.0,6.564931867723686e-06,,
227,228.0,145.0,1428.0,0.05159745456770791,,
228,229.0,188.0,2140.0,0.4995,,
229,230.0,130.0,1296.0,0.04361443986750713,,
230,231.0,68.0,448.0,2.529444245235138e-10,,
231,232.0,203.0,2392.0,0.4995,,
232,233.0,92.0,668.0,3.4226544754565724e-06,,
233,234.0,90.0,692.0,3.4089843797944035e-06,,
234,235.0,229.0,2732.0,0.4995,,
235,236.0,193.0,2080.0,0.03657263292536009,,
236,238.0,198.0,2104.0,0.03602786696720088,,
237,239.0,145.0,1480.0,0.042029416786768574,,
238,240.0,172.0,1732.0,0.034372925523301644,,
239,241.0,177.0,1680.0,0.034372925523301644,,
240,242.0,123.0,1152.0,0.034372925523301644,,
241,243.0,130.0,1280.0,0.034372925523301644,,
242,244.0,175.0,1744.0,0.034269909831135384,,
243,245.0,91.0,696.0,1.7969561354081682e-06,,
244,246.0,123.0,1148.0,0.034372925523301644,,
245,247.0,177.0,1732.0,0.03379323721528262,,
246,248.0,175.0,2108.0,0.4995,,
247,249.0,126.0,1036.0,1.1443863416247667e-06,,
248,250.0,214.0,2284.0,0.030514734522478274,,
249,251.0,222.0,2392.0,0.030030143505413755,,
250,252.0,230.0,2776.0,0.4995,,
251,253.0,140.0,1248.0,0.03319010183853832,,
252,254.0,100.0,856.0,1.0627198546890374e-06,,
253,255.0,177.0,1856.0,0.03185617307661778,,
254,256.0,122.0,1092.0,9.625030821866505e-07,,
255,257.0,170.0,1612.0,0.032337860173585475,,
256,258.0,138.0,1152.0,8.796219724410099e-07,,
257,260.0,158.0,1608.0,0.028308783882696406,,
258,261.0,214.0,2536.0,0.4995,,
259,262.0,142.0,1408.0,0.029317647917708807,,
260,263.0,151.0,1484.0,0.028909858110485912,,
261,264.0,225.0,2808.0,0.4995,,
262,265.0,201.0,2332.0,0.4995,,
263,266.0,78.0,532.0,5.703644793686797e-07,,
264,267.0,98.0,748.0,5.414493776272623e-07,,
265,268.0,367.0,4744.0,0.4995,,
266,269.0,241.0,2836.0,0.4995,,
267,270.0,255.0,3024.0,0.47607889299150724,,
268,271.0,93.0,708.0,2.0825676344484693e-07,,
269,272.0,116.0,900.0,1.9051429447330188e-07,,
270,274.0,186.0,2148.0,0.47607889299150724,,
271,275.0,50.0,252.0,2.989034181216109e-12,,
272,276.0,139.0,1368.0,0.019259019811083185,,
273,277.0,153.0,1472.0,0.019105485827991178,,
274,278.0,77.0,576.0,2.141733571846896e-07,,
275,279.0,134.0,1228.0,0.019259019811083185,,
276,280.0,151.0,1424.0,0.017131535965941084,,
277,281.0,140.0,1356.0,0.017303797341299967,,
278,282.0,210.0,2144.0,0.015640683609705632,,
279,283.0,267.0,3060.0,0.47607889299150724,,
280,284.0,248.0,2772.0,0.47607889299150724,,
281,285.0,170.0,1680.0,0.016608348045112412,,
282,286.0,146.0,1440.0,0.017217451219615407,,
283,287.0,143.0,1368.0,0.017251937843364294,,
284,288.0,186.0,2044.0,0.016344598207635907,,
285,289.0,52.0,268.0,8.408154130670274e-16,,
286,290.0,100.0,748.0,5.844793362308902e-08,,
287,291.0,175.0,1716.0,0.013637275615361578,,
288,292.0,243.0,2892.0,0.47607889299150724,,
289,293.0,204.0,2348.0,0.47607889299150724,,
290,294.0,161.0,1552.0,0.013954728413302017,,
291,295.0,193.0,1904.0,0.012997835992755589,,
292,296.0,136.0,1292.0,0.014080951241256115,,
293,297.0,163.0,1632.0,0.013420708066475677,,
294,298.0,234.0,2812.0,0.47607889299150724,,
295,299.0,133.0,1356.0,0.013234034566248632,,
296,300.0,174.0,2064.0,0.47607889299150724,,
297,301.0,235.0,2644.0,0.47607889299150724,,
298,302.0,206.0,2392.0,0.47607889299150724,,
299,303.0,209.0,2404.0,0.47607889299150724,,
300,304.0,163.0,1968.0,0.47607889299150724,,
301,305.0,197.0,1960.0,0.01026422761155198,,
302,306.0,225.0,2576.0,0.47607889299150724,,
303,307.0,182.0,1776.0,0.011086224798334484,,
304,308.0,128.0,1188.0,0.011902385618328886,,
305,309.0,209.0,2092.0,0.01016204599612457,,
306,310.0,143.0,1424.0,0.009695252025526558,,
307,311.0,247.0,3052.0,0.47607889299150724,,
308,312.0,168.0,1692.0,0.008913743113133256,,
309,313.0,154.0,1512.0,0.009417990791782911,,
310,314.0,224.0,2552.0,0.47607889299150724,,
311,315.0,103.0,828.0,8.883487409985249e-09,,
312,316.0,187.0,2260.0,0.47607889299150724,,
313,317.0,193.0,2320.0,0.47607889299150724,,
314,318.0,196.0,2264.0,0.47607889299150724,,
315,319.0,156.0,1896.0,0.47607889299150724,,
316,320.0,186.0,2176.0,0.47607889299150724,,
317,321.0,209.0,2284.0,0.007239051477089092,,
318,322.0,187.0,2260.0,0.47607889299150724,,
319,323.0,179.0,1776.0,0.007363229976937536,,
320,324.0,196.0,1976.0,0.007239051477089092,,
321,325.0,130.0,1008.0,3.5386096627385015e-09,,
322,326.0,99.0,764.0,4.309545581696501e-09,,
323,327.0,156.0,1596.0,0.007640913807799212,,
324,328.0,149.0,1320.0,3.299262227354805e-09,,
325,329.0,135.0,1112.0,3.563479309436186e-09,,
326,330.0,246.0,2896.0,0.47607889299150724,,
327,331.0,235.0,2680.0,0.47607889299150724,,
328,332.0,215.0,2452.0,0.47607889299150724,,
329,333.0,201.0,2560.0,0.47607889299150724,,
330,334.0,202.0,2396.0,0.47607889299150724,,
331,335.0,215.0,2304.0,0.005475866857426785,,
332,336.0,175.0,1792.0,0.006582684590924761,,
333,337.0,167.0,1664.0,0.006858324489206545,,
334,338.0,152.0,1460.0,0.0071598188666144045,,
335,339.0,156.0,1584.0,0.007053170116630286,,
336,340.0,122.0,932.0,8.905143510581807e-10,,
337,341.0,189.0,2284.0,0.47607889299150724,,
338,342.0,215.0,2464.0,0.47607889299150724,,
339,343.0,239.0,2808.0,0.47607889299150724,,
340,344.0,116.0,1072.0,0.005313950771056552,,
341,345.0,252.0,2900.0,0.47607889299150724,,
342,346.0,221.0,2544.0,0.47607889299150724,,
343,347.0,173.0,1656.0,0.004487299292505801,,
344,348.0,208.0,1980.0,0.003815874910836453,,
345,349.0,225.0,2660.0,0.47607889299150724,,
346,350.0,200.0,1932.0,0.0035364802311029196,,
347,351.0,189.0,1960.0,0.0035827779093651375,,
348,352.0,111.0,1032.0,0.003706749930608568,,
349,353.0,250.0,3032.0,0.47607889299150724,,
350,354.0,158.0,1500.0,0.003706749930608568,,
351,356.0,145.0,1428.0,0.003706749930608568,,
352,357.0,183.0,1976.0,0.0036296816916834783,,
353,358.0,96.0,632.0,1.1299781493386923e-16,,
354,359.0,189.0,1840.0,0.0036151847284917973,,
355,360.0,148.0,1460.0,0.00314581629108215,,
356,361.0,158.0,1548.0,0.003126988517710866,,
357,362.0,206.0,2516.0,0.47607889299150724,,
358,363.0,92.0,712.0,1.7503495133984667e-10,,
359,364.0,187.0,2040.0,0.0028980334351018434,,
360,365.0,156.0,1600.0,0.0031051651555105424,,
361,366.0,208.0,2412.0,0.47607889299150724,,
362,367.0,226.0,2784.0,0.47607889299150724,,
363,368.0,250.0,2952.0,0.47607889299150724,,
364,369.0,151.0,1860.0,0.47607889299150724,,
365,370.0,220.0,2508.0,0.47607889299150724,,
366,371.0,195.0,2268.0,0.47607889299150724,,
367,372.0,215.0,2544.0,0.47607889299150724,,
368,373.0,185.0,1800.0,0.0023915371473334215,,
369,374.0,183.0,1820.0,0.0023748465259620347,,
370,375.0,183.0,1892.0,0.0023394721096372064,,
371,376.0,264.0,3144.0,0.47607889299150724,,
372,377.0,179.0,1928.0,0.0024521098700879523,,
373,378.0,121.0,1224.0,0.0025753188244492247,,
374,379.0,251.0,2916.0,0.47607889299150724,,
375,380.0,219.0,2692.0,0.47607889299150724,,
376,381.0,155.0,1424.0,0.001942221163341553,,
377,382.0,129.0,1288.0,0.0019500095091190626,,
378,383.0,246.0,2980.0,0.47607889299150724,,
379,384.0,203.0,2388.0,0.47607889299150724,,
380,385.0,115.0,884.0,2.335891019872833e-11,,
381,386.0,259.0,2992.0,0.47607889299150724,,
382,387.0,187.0,1920.0,0.001736334375558083,,
383,388.0,170.0,1844.0,0.001856716736848631,,
384,389.0,255.0,3048.0,0.47607889299150724,,
385,390.0,177.0,1772.0,0.0013186897349790191,,
386,391.0,106.0,784.0,1.0397586735433983e-11,,
387,392.0,115.0,1076.0,0.0013426531573868387,,
388,393.0,243.0,2892.0,0.47607889299150724,,
389,394.0,216.0,2520.0,0.47607889299150724,,
390,395.0,279.0,3224.0,0.47607889299150724,,
391,396.0,215.0,2292.0,0.0011730181932576662,,
392,397.0,199.0,2336.0,0.47607889299150724,,
393,398.0,187.0,2216.0,0.47607889299150724,,
394,399.0,229.0,2760.0,0.47607889299150724,,
395,400.0,220.0,2372.0,0.0008272945033874138,,
396,401.0,184.0,1888.0,0.0009384445626978206,,
397,402.0,220.0,2520.0,0.47607889299150724,,
398,403.0,168.0,1792.0,0.0009602899708675314,,
399,404.0,135.0,1308.0,0.0009738354009627457,,
400,405.0,196.0,2096.0,0.0008740942964258833,,
401,406.0,254.0,3120.0,0.47607889299150724,,
402,407.0,226.0,2772.0,0.47607889299150724,,
403,408.0,271.0,3192.0,0.47607889299150724,,
404,409.0,226.0,2716.0,0.47607889299150724,,
405,410.0,220.0,2376.0,0.000722048778434094,,
406,411.0,64.0,400.0,3.602083699006064e-20,,
407,412.0,56.0,316.0,3.704419227088795e-20,,
408,413.0,69.0,432.0,3.5201407535901493e-20,,
409,414.0,206.0,2444.0,0.47607889299150724,,
410,415.0,243.0,2984.0,0.47607889299150724,,
411,416.0,189.0,1820.0,0.0007515311885878608,,
412,417.0,74.0,472.0,3.43662184684296e-20,,
413,418.0,102.0,760.0,1.189448211385335e-12,,
414,419.0,154.0,1464.0,0.0007613698266968066,,
415,420.0,149.0,1456.0,0.0007028048011588047,,
416,421.0,119.0,1112.0,0.0007028048011588047,,
417,422.0,126.0,1036.0,6.371037929090763e-13,,
418,423.0,86.0,620.0,7.439770102893349e-13,,
419,424.0,77.0,568.0,7.477080810873037e-13,,
420,425.0,172.0,1684.0,0.0007028048011588047,,
421,426.0,103.0,784.0,7.048486621793943e-13,,
422,427.0,150.0,1432.0,0.0007028048011588047,,
423,428.0,150.0,1452.0,0.0007028048011588047,,
424,429.0,107.0,904.0,6.874372879506519e-13,,
425,430.0,57.0,320.0,7.967279350624962e-21,,
426,431.0,172.0,1624.0,0.0007028048011588047,,
427,432.0,133.0,1224.0,0.0007028048011588047,,
428,433.0,264.0,3140.0,0.47607889299150724,,
429,434.0,170.0,1676.0,0.0007028048011588047,,
430,435.0,154.0,1504.0,0.0007028048011588047,,
431,436.0,182.0,1792.0,0.0007028048011588047,,
432,437.0,113.0,932.0,5.046252147701689e-13,,
433,438.0,249.0,2964.0,0.47607889299150724,,
434,439.0,95.0,716.0,5.472230734417247e-13,,
435,440.0,226.0,2760.0,0.47607889299150724,,
436,441.0,275.0,3180.0,0.47607889299150724,,
437,442.0,143.0,1332.0,0.0006085062233428993,,
438,443.0,216.0,2520.0,0.47607889299150724,,
439,444.0,196.0,2268.0,0.47607889299150724,,
440,445.0,179.0,1820.0,0.0005667802236869607,,
441,446.0,216.0,2540.0,0.47607889299150724,,
442,447.0,163.0,1632.0,0.0005759262540746945,,
443,448.0,153.0,1476.0,0.0005533327884956307,,
444,449.0,137.0,1328.0,0.0005489215885578098,,
445,450.0,154.0,1488.0,0.00047100987241049914,,
446,451.0,191.0,1876.0,0.0004502741139020939,,
447,452.0,219.0,2744.0,0.47607889299150724,,
448,453.0,94.0,724.0,1.0458801649910418e-13,,
449,454.0,257.0,3068.0,0.47607889299150724,,
450,455.0,70.0,468.0,6.206839413576323e-22,,
451,456.0,161.0,1516.0,0.0004686595284394265,,
452,457.0,215.0,2668.0,0.47607889299150724,,
453,458.0,221.0,2496.0,0.47607889299150724,,
454,459.0,173.0,2052.0,0.47607889299150724,,
455,461.0,104.0,808.0,4.3536109092190826e-14,,
456,462.0,122.0,988.0,3.868808410916553e-14,,
457,463.0,177.0,1752.0,0.00037195057241866934,,
458,464.0,154.0,1544.0,0.00038213520455458174,,
459,465.0,68.0,428.0,1.8276672147437807e-22,,
460,466.0,199.0,2304.0,0.47607889299150724,,
461,467.0,230.0,2680.0,0.47607889299150724,,
462,468.0,168.0,1696.0,0.00037946826960062985,,
463,469.0,185.0,1848.0,0.0003653120681760351,,
464,470.0,103.0,996.0,0.00033053149053154443,,
465,471.0,151.0,1512.0,0.0003262602683147947,,
466,472.0,164.0,1484.0,0.000318200893398718,,
467,473.0,183.0,1796.0,0.0003063302936640445,,
468,474.0,180.0,1764.0,0.00030571793940701,,
469,475.0,194.0,2220.0,0.47607889299150724,,
470,476.0,71.0,440.0,6.528065539533618e-23,,
471,477.0,206.0,2384.0,0.47607889299150724,,
472,478.0,257.0,3112.0,0.47607889299150724,,
473,479.0,170.0,1808.0,0.0003137749216651931,,
474,480.0,188.0,2276.0,0.47607889299150724,,
475,481.0,215.0,2288.0,0.0002138947969549427,,
476,482.0,233.0,2648.0,0.47607889299150724,,
477,483.0,103.0,768.0,1.1715751871846117e-14,,
478,484.0,215.0,2500.0,0.47607889299150724,,
479,485.0,132.0,1252.0,0.00028248441583172577,,
480,486.0,198.0,1964.0,0.00022964159589244115,,
481,487.0,221.0,2580.0,0.47607889299150724,,
482,488.0,84.0,636.0,1.2440586968785296e-14,,
483,489.0,237.0,2812.0,0.47607889299150724,,
484,490.0,108.0,836.0,4.685515513831384e-15,,
485,491.0,66.0,404.0,5.803640792280897e-24,,
486,492.0,160.0,1584.0,0.00020305122229412624,,
487,493.0,120.0,1136.0,0.00020305122229412624,,
488,494.0,193.0,1840.0,0.00020305122229412624,,
489,495.0,166.0,1568.0,0.00020305122229412624,,
490,496.0,178.0,1776.0,0.00020305122229412624,,
491,497.0,196.0,2076.0,0.00020062796443634894,,
492,498.0,149.0,1456.0,0.00020305122229412624,,
493,499.0,197.0,2372.0,0.47607889299150724,,
494,500.0,133.0,1312.0,0.00019256461429933695,,
495,501.0,189.0,1868.0,0.0001853809215227583,,
496,502.0,140.0,1300.0,0.00019256461429933695,,
497,503.0,147.0,1520.0,0.00019256461429933695,,
498,504.0,239.0,2948.0,0.47607889299150724,,
499,505.0,82.0,552.0,1.6868578389311378e-24,,
500,506.0,148.0,1412.0,0.00019256461429933695,,
501,507.0,270.0,3128.0,0.47607889299150724,,
502,508.0,215.0,2520.0,0.47607889299150724,,
503,509.0,250.0,3008.0,0.47607889299150724,,
504,510.0,139.0,1252.0,0.0001511557368789785,,
505,511.0,222.0,2612.0,0.47607889299150724,,
506,512.0,112.0,972.0,1.0573137021445432e-15,,
507,513.0,80.0,592.0,1.1148924757019415e-15,,
508,514.0,173.0,2088.0,0.47607889299150724,,
509,515.0,194.0,1904.0,0.00014234883866199802,,
510,516.0,204.0,2180.0,0.0001420642833335127,,
511,517.0,208.0,2028.0,0.0001413553811397458,,
512,518.0,247.0,2612.0,0.00013526761348610114,,
513,519.0,269.0,3180.0,0.47607889299150724,,
514,520.0,201.0,2044.0,0.00012349610387429367,,
515,521.0,226.0,2612.0,0.47607889299150724,,
516,522.0,192.0,1880.0,0.00012523808587224097,,
517,523.0,227.0,2760.0,0.47607889299150724,,
518,524.0,149.0,1336.0,3.1352491227636254e-16,,
519,525.0,181.0,1800.0,0.00012649738246786187,,
520,526.0,177.0,2088.0,0.47607889299150724,,
521,527.0,186.0,1824.0,0.00012738641672424913,,
522,528.0,69.0,496.0,5.022582748051542e-16,,
523,529.0,118.0,1000.0,4.0181946858973446e-16,,
524,530.0,172.0,1700.0,0.00011388271249034056,,
525,531.0,61.0,420.0,2.264934924255958e-16,,
526,532.0,416.0,5488.0,0.4995,,
527,533.0,235.0,2852.0,0.47607889299150724,,
528,534.0,188.0,2152.0,0.47607889299150724,,
529,535.0,239.0,2868.0,0.47607889299150724,,
530,536.0,79.0,520.0,5.0393749014022546e-26,,
531,537.0,178.0,1892.0,0.00011151494011293554,,
532,538.0,142.0,1204.0,1.7601868064506422e-16,,
533,539.0,82.0,556.0,4.895260720689797e-26,,
534,540.0,178.0,1852.0,7.770953407737584e-05,,
535,541.0,203.0,1988.0,7.436280907743861e-05,,
536,542.0,175.0,1700.0,7.802115086594099e-05,,
537,543.0,94.0,728.0,9.232061037692603e-17,,
538,544.0,184.0,2228.0,0.4109658138432603,,
539,545.0,226.0,2640.0,0.4109658138432603,,
540,546.0,148.0,1416.0,7.991726906395196e-05,,
541,547.0,223.0,2588.0,0.4109658138432603,,
542,548.0,57.0,316.0,1.2618634856035464e-26,,
543,549.0,137.0,1356.0,7.42141578220928e-05,,
544,550.0,209.0,2424.0,0.4109658138432603,,
545,551.0,308.0,4388.0,0.4995,,
546,552.0,228.0,2472.0,5.625057964307248e-05,,
547,553.0,208.0,2448.0,0.4109658138432603,,
548,554.0,276.0,3304.0,0.4109658138432603,,
549,555.0,185.0,1836.0,6.298350605684139e-05,,
550,556.0,202.0,2164.0,6.0694578098367196e-05,,
551,557.0,207.0,2424.0,0.4109658138432603,,
552,558.0,248.0,2792.0,0.4109658138432603,,
553,559.0,76.0,552.0,4.389918111193736e-17,,
554,560.0,189.0,1848.0,4.437595491333845e-05,,
555,561.0,45.0,220.0,7.44800550675829e-34,,
556,562.0,185.0,2132.0,0.4048442916163558,,
557,563.0,195.0,1952.0,4.411036393632838e-05,,
558,564.0,197.0,1996.0,4.332309041170035e-05,,
559,565.0,223.0,2756.0,0.4048442916163558,,
560,566.0,88.0,652.0,1.2210005514581473e-17,,
561,567.0,342.0,4832.0,0.4995,,
562,568.0,135.0,1340.0,4.8849580882138817e-05,,
563,569.0,221.0,2572.0,0.4048442916163558,,
564,570.0,210.0,2464.0,0.36924356622001037,,
565,571.0,290.0,3632.0,0.36924356622001037,,
566,573.0,255.0,2692.0,3.333322580060665e-05,,
567,574.0,207.0,2392.0,0.36924356622001037,,
568,575.0,125.0,1168.0,3.777385561887888e-05,,
569,576.0,214.0,2572.0,0.36924356622001037,,
570,577.0,173.0,1656.0,3.777385561887888e-05,,
571,578.0,154.0,1528.0,3.777385561887888e-05,,
572,579.0,150.0,1452.0,3.777385561887888e-05,,
573,580.0,213.0,2460.0,0.36924356622001037,,
574,581.0,183.0,2156.0,0.36924356622001037,,
575,582.0,189.0,1944.0,2.906358818676404e-05,,
576,583.0,136.0,1324.0,3.212183956224312e-05,,
577,584.0,240.0,2692.0,0.36924356622001037,,
578,585.0,263.0,3152.0,0.36924356622001037,,
579,586.0,101.0,864.0,1.5041208001890316e-18,,
580,587.0,205.0,2452.0,0.36924356622001037,,
581,588.0,136.0,1296.0,3.208971772268087e-05,,
582,589.0,183.0,1828.0,2.959173595491014e-05,,
583,590.0,251.0,2968.0,0.36924356622001037,,
584,591.0,211.0,2452.0,0.36924356622001037,,
585,592.0,213.0,2264.0,1.98518161874411e-05,,
586,593.0,226.0,2740.0,0.36924356622001037,,
587,594.0,200.0,2356.0,0.36924356622001037,,
588,595.0,226.0,2756.0,0.36924356622001037,,
589,596.0,290.0,3420.0,0.36924356622001037,,
590,597.0,160.0,1556.0,2.3532455542599933e-05,,
591,598.0,205.0,2416.0,0.36924356622001037,,
592,599.0,200.0,2184.0,1.698307816910843e-05,,
593,600.0,235.0,2692.0,0.36924356622001037,,
594,601.0,182.0,1744.0,1.5708130121878664e-05,,
595,602.0,224.0,2612.0,0.36924356622001037,,
596,603.0,225.0,2240.0,1.3492073566329763e-05,,
597,604.0,147.0,1352.0,1.641508017437619e-05,,
598,606.0,219.0,2516.0,0.36924356622001037,,
599,607.0,207.0,2068.0,1.4557995988248777e-05,,
600,608.0,134.0,1296.0,1.6464424069777734e-05,,
601,609.0,130.0,1244.0,1.6464424069777734e-05,,
602,610.0,158.0,1504.0,1.3106232233591693e-05,,
603,611.0,166.0,1644.0,1.2936869761640913e-05,,
604,612.0,162.0,1636.0,1.3014763380573772e-05,,
605,613.0,106.0,840.0,5.555170566940656e-20,,
606,614.0,144.0,1360.0,1.3224780273177339e-05,,
607,615.0,130.0,1100.0,4.484477800780947e-20,,
608,616.0,181.0,1784.0,1.2554339036145762e-05,,
609,617.0,234.0,2868.0,0.36924356622001037,,
610,618.0,249.0,2984.0,0.36924356622001037,,
611,619.0,307.0,4464.0,0.4995,,
612,620.0,85.0,628.0,2.612615629005877e-20,,
613,621.0,281.0,4248.0,0.4995,,
614,622.0,73.0,464.0,1.9502846899106028e-31,,
615,623.0,165.0,1572.0,1.007398413390185e-05,,
616,624.0,230.0,2672.0,0.3561808064955522,,
617,625.0,233.0,2848.0,0.3561808064955522,,
618,626.0,222.0,2612.0,0.3561808064955522,,
619,627.0,212.0,2464.0,0.3561808064955522,,
620,628.0,222.0,2332.0,7.696931035811801e-06,,
621,629.0,230.0,2700.0,0.3561808064955522,,
622,630.0,185.0,2256.0,0.35122655836401695,,
623,631.0,72.0,472.0,4.8494460683959e-32,,
624,632.0,156.0,1496.0,6.664198121882622e-06,,
625,633.0,211.0,2468.0,0.35122655836401695,,
626,634.0,102.0,764.0,8.17725141997256e-21,,
627,635.0,161.0,1468.0,5.420296099258104e-21,,
628,636.0,260.0,3088.0,0.35122655836401695,,
629,637.0,172.0,2048.0,0.35122655836401695,,
630,638.0,218.0,2492.0,0.35122655836401695,,
631,639.0,184.0,1784.0,5.933958901452675e-06,,
632,640.0,210.0,2472.0,0.35122655836401695,,
633,641.0,180.0,1800.0,4.775902797083585e-06,,
634,642.0,202.0,2408.0,0.35122655836401695,,
635,643.0,112.0,868.0,3.815130334050426e-21,,
636,644.0,221.0,2492.0,0.35122655836401695,,
637,645.0,201.0,2152.0,4.282463752803657e-06,,
638,646.0,199.0,2028.0,4.461785404466202e-06,,
639,647.0,252.0,3052.0,0.35122655836401695,,
640,648.0,213.0,2344.0,3.921540094119842e-06,,
641,649.0,176.0,2124.0,0.35122655836401695,,
642,650.0,152.0,1492.0,3.843849933238835e-06,,
643,651.0,151.0,1468.0,3.843849933238835e-06,,
644,652.0,254.0,3048.0,0.35122655836401695,,
645,653.0,124.0,1208.0,3.843849933238835e-06,,
646,654.0,182.0,1840.0,3.6599516420836464e-06,,
647,655.0,85.0,628.0,1.5770137596937885e-21,,
648,656.0,207.0,2064.0,3.5304732346652004e-06,,
649,657.0,113.0,916.0,1.4498948044647083e-21,,
650,658.0,173.0,1668.0,3.771470373009466e-06,,
651,659.0,211.0,2456.0,0.35122655836401695,,
652,661.0,257.0,3128.0,0.35122655836401695,,
653,662.0,109.0,884.0,7.439044220822816e-22,,
654,663.0,233.0,2832.0,0.35122655836401695,,
655,664.0,140.0,1176.0,5.845205749560813e-22,,
656,665.0,216.0,2476.0,0.35122655836401695,,
657,666.0,178.0,2108.0,0.35122655836401695,,
658,667.0,110.0,860.0,7.416749397853965e-22,,
659,668.0,192.0,1876.0,3.053716503026179e-06,,
660,669.0,251.0,3044.0,0.35122655836401695,,
661,670.0,162.0,1624.0,2.3076259781792078e-06,,
662,671.0,222.0,2604.0,0.35122655836401695,,
663,672.0,196.0,2132.0,2.147239915069642e-06,,
664,673.0,97.0,712.0,3.1718534178563367e-22,,
665,674.0,183.0,1824.0,2.199423465725729e-06,,
666,675.0,248.0,2940.0,0.35122655836401695,,
667,676.0,254.0,3056.0,0.35122655836401695,,
668,677.0,98.0,792.0,3.162347369991168e-22,,
669,678.0,93.0,720.0,3.2392006889966156e-22,,
670,679.0,187.0,2180.0,0.35122655836401695,,
671,680.0,95.0,624.0,6.021121476212339e-35,,
672,681.0,214.0,2448.0,0.35122655836401695,,
673,682.0,260.0,2792.0,1.6129102591002083e-06,,
674,683.0,184.0,2160.0,0.35122655836401695,,
675,684.0,104.0,728.0,5.415257856999505e-35,,
676,686.0,160.0,1572.0,1.8834735655099494e-06,,
677,687.0,104.0,816.0,1.3551210794813521e-22,,
678,688.0,149.0,1380.0,1.8834735655099494e-06,,
679,689.0,173.0,1720.0,1.8572756479844857e-06,,
680,690.0,132.0,1244.0,1.6112973488411082e-06,,
681,691.0,144.0,1400.0,1.6112973488411082e-06,,
682,692.0,163.0,1768.0,1.6112973488411082e-06,,
683,693.0,204.0,1968.0,1.5342093162328506e-06,,
684,694.0,128.0,1220.0,1.6112973488411082e-06,,
685,695.0,276.0,3236.0,0.35122655836401695,,
686,696.0,176.0,1808.0,1.6112973488411082e-06,,
687,697.0,266.0,3160.0,0.35122655836401695,,
688,698.0,207.0,2368.0,0.35122655836401695,,
689,699.0,168.0,1656.0,1.4247240134784382e-06,,
690,700.0,171.0,1700.0,1.2286353363872745e-06,,
691,701.0,172.0,1712.0,1.2249531150554866e-06,,
692,702.0,97.0,712.0,2.6134020817478644e-23,,
693,703.0,190.0,1888.0,1.161690244808019e-06,,
694,704.0,188.0,2300.0,0.35122655836401695,,
695,705.0,163.0,1644.0,1.2274067010508871e-06,,
696,706.0,196.0,2252.0,0.35122655836401695,,
697,707.0,180.0,1768.0,1.1934992771810903e-06,,
698,708.0,272.0,3228.0,0.35122655836401695,,
699,709.0,255.0,2752.0,1.0798687735793379e-06,,
700,710.0,217.0,2176.0,8.283719084959669e-07,,
701,711.0,310.0,4564.0,0.4995,,
702,712.0,149.0,1460.0,1.060595477699514e-06,,
703,713.0,212.0,2136.0,8.451145878299993e-07,,
704,714.0,277.0,4208.0,0.4995,,
705,715.0,239.0,2576.0,7.179433532125463e-07,,
706,716.0,253.0,3064.0,0.35122655836401695,,
707,717.0,225.0,2580.0,0.35122655836401695,,
708,718.0,255.0,3072.0,0.35087533180565295,,
709,719.0,214.0,2316.0,8.367013708716623e-07,,
710,720.0,196.0,1944.0,5.093926105566887e-07,,
711,721.0,224.0,2644.0,0.33408867908812606,,
712,722.0,262.0,3216.0,0.33408867908812606,,
713,723.0,218.0,2548.0,0.33408867908812606,,
714,724.0,188.0,2272.0,0.33408867908812606,,
715,725.0,190.0,1892.0,4.933421973820009e-07,,
716,726.0,259.0,3016.0,0.33408867908812606,,
717,727.0,263.0,3092.0,0.33408867908812606,,
718,728.0,186.0,1964.0,5.349876019033847e-07,,
719,729.0,181.0,1984.0,5.534993534062544e-07,,
720,730.0,286.0,3380.0,0.33408867908812606,,
721,731.0,205.0,2352.0,0.33408867908812606,,
722,732.0,185.0,1852.0,3.521419752922268e-07,,
723,733.0,148.0,1404.0,3.9429169218201204e-07,,
724,734.0,199.0,2388.0,0.33408867908812606,,
725,735.0,211.0,2240.0,3.260321210989647e-07,,
726,736.0,254.0,3116.0,0.33408867908812606,,
727,737.0,192.0,2212.0,0.33408867908812606,,
728,738.0,198.0,2324.0,0.33408867908812606,,
729,739.0,146.0,1416.0,3.9429169218201204e-07,,
730,740.0,226.0,2580.0,0.33408867908812606,,
731,741.0,212.0,2244.0,2.4294833544976257e-07,,
732,742.0,268.0,3204.0,0.33408867908812606,,
733,743.0,186.0,1836.0,2.629301311273357e-07,,
734,744.0,196.0,2332.0,0.33408867908812606,,
735,745.0,192.0,1880.0,2.518583487732259e-07,,
736,746.0,255.0,3128.0,0.33408867908812606,,
737,747.0,278.0,3240.0,0.33408867908812606,,
738,748.0,230.0,2340.0,1.9417051856830458e-07,,
739,749.0,215.0,2460.0,0.33408867908812606,,
740,750.0,82.0,616.0,6.89943242957698e-26,,
741,751.0,228.0,2452.0,1.661114058202904e-07,,
742,752.0,220.0,2600.0,0.33408867908812606,,
743,753.0,157.0,1500.0,1.8636669679350833e-07,,
744,754.0,124.0,1072.0,5.43750367482265e-26,,
745,755.0,139.0,1260.0,1.8636669679350833e-07,,
746,756.0,212.0,2136.0,1.701483478030385e-07,,
747,757.0,178.0,1760.0,1.828574183904495e-07,,
748,758.0,264.0,3104.0,0.33408867908812606,,
749,759.0,161.0,1416.0,4.4291934581543265e-26,,
750,760.0,330.0,3896.0,0.33408867908812606,,
751,761.0,251.0,2872.0,0.33408867908812606,,
752,762.0,218.0,2304.0,1.353083319080323e-07,,
753,763.0,164.0,1508.0,1.6023486908348103e-07,,
754,764.0,219.0,2228.0,1.2806380239265938e-07,,
755,765.0,278.0,3348.0,0.33408867908812606,,
756,766.0,246.0,2836.0,0.33408867908812606,,
757,767.0,239.0,2724.0,0.33408867908812606,,
758,768.0,269.0,3396.0,0.33408867908812606,,
759,769.0,198.0,1980.0,1.4746622152733557e-07,,
760,770.0,212.0,2676.0,0.33408867908812606,,
761,771.0,168.0,1692.0,9.504775946806857e-08,,
762,772.0,79.0,580.0,7.358859771618139e-27,,
763,773.0,220.0,2544.0,0.33408867908812606,,
764,774.0,161.0,1972.0,0.33408867908812606,,
765,775.0,139.0,1344.0,1.0245431803579924e-07,,
766,776.0,185.0,2292.0,0.33408867908812606,,
767,777.0,315.0,4584.0,0.4995,,
768,778.0,187.0,2164.0,0.33408867908812606,,
769,779.0,192.0,2236.0,0.33408867908812606,,
770,780.0,120.0,1132.0,7.111045694591603e-08,,
771,781.0,145.0,1380.0,7.111045694591603e-08,,
772,782.0,206.0,2432.0,0.31778703186553725,,
773,783.0,223.0,2560.0,0.31778703186553725,,
774,784.0,196.0,2328.0,0.31778703186553725,,
775,785.0,55.0,308.0,1.4465219354982086e-41,,
776,786.0,148.0,1424.0,7.111045694591603e-08,,
777,787.0,265.0,3156.0,0.31778703186553725,,
778,788.0,176.0,1852.0,6.66331284532035e-08,,
779,789.0,190.0,1900.0,6.319185147067432e-08,,
780,790.0,137.0,1144.0,8.93016961192381e-28,,
781,791.0,189.0,1932.0,5.235677245413779e-08,,
782,792.0,235.0,2844.0,0.31778703186553725,,
783,793.0,264.0,3140.0,0.31778703186553725,,
784,794.0,252.0,2856.0,0.31778703186553725,,
785,795.0,288.0,3400.0,0.31778703186553725,,
786,796.0,199.0,2032.0,4.9802056632607155e-08,,
787,797.0,191.0,2308.0,0.31778703186553725,,
788,798.0,153.0,1484.0,5.267201551967358e-08,,
789,799.0,179.0,1780.0,4.294766286292215e-08,,
790,800.0,203.0,2416.0,0.31778703186553725,,
791,801.0,153.0,1464.0,3.862613795071739e-08,,
792,802.0,156.0,1484.0,3.862613795071739e-08,,
793,803.0,277.0,3240.0,0.31778703186553725,,
794,804.0,231.0,2836.0,0.31778703186553725,,
795,805.0,251.0,3036.0,0.31778703186553725,,
796,806.0,161.0,1620.0,3.8510375376652956e-08,,
797,807.0,208.0,2376.0,0.31778703186553725,,
798,808.0,151.0,1456.0,3.862613795071739e-08,,
799,809.0,151.0,1468.0,3.862613795071739e-08,,
800,810.0,133.0,1268.0,2.8524905852457917e-08,,
801,811.0,231.0,2684.0,0.31778703186553725,,
802,812.0,169.0,1676.0,2.8524905852457917e-08,,
803,813.0,236.0,2668.0,0.31778703186553725,,
804,814.0,173.0,1644.0,2.8382566287147694e-08,,
805,815.0,248.0,3012.0,0.31778703186553725,,
806,816.0,177.0,1740.0,2.8354183720860546e-08,,
807,817.0,171.0,1728.0,2.8524905852457917e-08,,
808,818.0,164.0,1652.0,2.8524905852457917e-08,,
809,819.0,234.0,2724.0,0.31778703186553725,,
810,820.0,201.0,1976.0,1.794920709119578e-08,,
811,821.0,183.0,2200.0,0.31778703186553725,,
812,822.0,174.0,2056.0,0.31778703186553725,,
813,823.0,166.0,1684.0,2.023888959073022e-08,,
814,824.0,188.0,1988.0,1.818418836089481e-08,,
815,825.0,134.0,1272.0,2.2168037765251538e-08,,
816,826.0,205.0,2488.0,0.31778703186553725,,
817,827.0,214.0,2524.0,0.31778703186553725,,
818,828.0,183.0,2212.0,0.31778703186553725,,
819,829.0,205.0,2504.0,0.31778703186553725,,
820,830.0,239.0,2764.0,0.31778703186553725,,
821,831.0,169.0,1672.0,1.7056313420012657e-08,,
822,833.0,100.0,844.0,1.8222539766612444e-29,,
823,834.0,223.0,2748.0,0.31778703186553725,,
824,835.0,277.0,3236.0,0.31778703186553725,,
825,836.0,156.0,1488.0,1.738364688478272e-08,,
826,837.0,139.0,1276.0,1.745335565707304e-08,,
827,838.0,254.0,3044.0,0.31778703186553725,,
828,839.0,100.0,800.0,1.8149758869912656e-29,,
829,840.0,223.0,2616.0,0.31778703186553725,,
830,841.0,214.0,2508.0,0.31778703186553725,,
831,842.0,229.0,2784.0,0.31778703186553725,,
832,843.0,188.0,2188.0,0.31778703186553725,,
833,844.0,152.0,1412.0,1.2940764033949379e-08,,
834,845.0,164.0,1572.0,1.268439280846371e-08,,
835,846.0,215.0,2484.0,0.31778703186553725,,
836,847.0,163.0,1632.0,1.2383442734511591e-08,,
837,848.0,247.0,2956.0,0.31778703186553725,,
838,849.0,76.0,524.0,5.778157692755124e-30,,
839,850.0,202.0,2376.0,0.31778703186553725,,
840,851.0,159.0,1552.0,9.23696824007334e-09,,
841,852.0,186.0,1992.0,8.20016420910474e-09,,
842,853.0,251.0,3000.0,0.31778703186553725,,
843,854.0,200.0,2388.0,0.31778703186553725,,
844,855.0,221.0,2532.0,0.31778703186553725,,
845,856.0,187.0,2268.0,0.31778703186553725,,
846,857.0,229.0,2456.0,6.931457603831371e-09,,
847,858.0,141.0,1224.0,1.8561733225183696e-30,,
848,859.0,272.0,3180.0,0.31778703186553725,,
849,860.0,217.0,2592.0,0.31778703186553725,,
850,861.0,155.0,1484.0,6.290380685202161e-09,,
851,862.0,258.0,3124.0,0.31778703186553725,,
852,863.0,132.0,1108.0,7.535696833893534e-31,,
853,864.0,238.0,2700.0,0.31778703186553725,,
854,865.0,212.0,2480.0,0.31778703186553725,,
855,866.0,88.0,696.0,9.514033176628151e-31,,
856,867.0,149.0,1456.0,6.391887425368607e-09,,
857,868.0,212.0,2424.0,0.31778703186553725,,
858,869.0,256.0,3068.0,0.31778703186553725,,
859,870.0,210.0,2432.0,0.31778703186553725,,
860,871.0,155.0,1472.0,4.344177608562054e-09,,
861,872.0,129.0,1192.0,4.3703341457656155e-09,,
862,874.0,142.0,1388.0,4.3703341457656155e-09,,
863,875.0,208.0,2076.0,4.026101114963441e-09,,
864,876.0,130.0,1256.0,4.3703341457656155e-09,,
865,877.0,122.0,1144.0,4.3703341457656155e-09,,
866,878.0,93.0,696.0,3.655707212350747e-31,,
867,879.0,160.0,1512.0,4.322500118875271e-09,,
868,880.0,190.0,1948.0,3.818172575243308e-09,,
869,881.0,245.0,2940.0,0.31778703186553725,,
870,882.0,116.0,932.0,1.6701238828755213e-31,,
871,883.0,165.0,1552.0,3.990010806883196e-09,,
872,884.0,217.0,2156.0,3.5280044460406644e-09,,
873,885.0,234.0,2864.0,0.31778703186553725,,
874,886.0,109.0,856.0,1.7610748321253457e-31,,
875,887.0,261.0,3208.0,0.31778703186553725,,
876,888.0,92.0,772.0,1.981756082688954e-31,,
877,889.0,186.0,2280.0,0.31778703186553725,,
878,890.0,264.0,3116.0,0.31778703186553725,,
879,891.0,259.0,3084.0,0.31778703186553725,,
880,892.0,164.0,2004.0,0.31778703186553725,,
881,893.0,237.0,2852.0,0.31778703186553725,,
882,894.0,240.0,2944.0,0.31778703186553725,,
883,895.0,226.0,2560.0,0.31778703186553725,,
884,896.0,250.0,3024.0,0.31778703186553725,,
885,897.0,191.0,1920.0,2.515730668489806e-09,,
886,898.0,188.0,1904.0,2.2490485233047568e-09,,
887,899.0,154.0,1484.0,2.47083037808967e-09,,
888,900.0,138.0,1352.0,1.986640868921043e-09,,
889,901.0,185.0,2252.0,0.31778703186553725,,
890,902.0,89.0,688.0,2.2489877577264487e-32,,
891,903.0,198.0,2356.0,0.31778703186553725,,
892,904.0,260.0,3112.0,0.31778703186553725,,
893,905.0,201.0,2368.0,0.31778703186553725,,
894,906.0,189.0,1860.0,1.754849618036702e-09,,
895,907.0,125.0,1060.0,1.8228025137750168e-32,,
896,908.0,87.0,664.0,2.2625290392429743e-32,,
897,909.0,148.0,1384.0,1.9767275111286494e-09,,
898,910.0,157.0,1528.0,1.5861863796113344e-09,,
899,911.0,153.0,1496.0,1.5861863796113344e-09,,
900,912.0,229.0,2300.0,1.4525034754398843e-09,,
901,913.0,275.0,3268.0,0.31778703186553725,,
902,914.0,155.0,1492.0,1.5861863796113344e-09,,
903,915.0,91.0,668.0,1.0274586963047058e-32,,
904,916.0,196.0,2208.0,0.31778703186553725,,
905,917.0,216.0,2152.0,1.4729918538323529e-09,,
906,918.0,155.0,1468.0,1.5861863796113344e-09,,
907,919.0,200.0,2364.0,0.31778703186553725,,
908,920.0,197.0,1972.0,1.26898968142826e-09,,
909,921.0,160.0,1540.0,1.3788676034820187e-09,,
910,922.0,107.0,892.0,3.812090516852613e-33,,
911,923.0,229.0,2792.0,0.31778703186553725,,
912,924.0,167.0,1680.0,1.3421181516173033e-09,,
913,925.0,234.0,2816.0,0.31778703186553725,,
914,926.0,109.0,896.0,3.759066766061045e-33,,
915,927.0,197.0,1980.0,1.2677206917468318e-09,,
916,928.0,202.0,2092.0,1.2463409909604892e-09,,
917,929.0,208.0,2436.0,0.31778703186553725,,
918,930.0,172.0,1712.0,1.0651690288039522e-09,,
919,931.0,98.0,788.0,1.812679220069776e-33,,
920,932.0,63.0,364.0,1.4859851400665418e-50,,
921,933.0,195.0,2288.0,0.31778703186553725,,
922,934.0,176.0,1748.0,1.0203155933810475e-09,,
923,935.0,200.0,2144.0,9.240976341029382e-10,,
924,936.0,201.0,2352.0,0.31778703186553725,,
925,937.0,240.0,2936.0,0.31778703186553725,,
926,938.0,193.0,2260.0,0.31778703186553725,,
927,939.0,215.0,2492.0,0.31778703186553725,,
928,940.0,176.0,2156.0,0.31778703186553725,,
929,941.0,152.0,1472.0,8.816491740184582e-10,,
930,942.0,101.0,756.0,8.215275704438817e-34,,
931,943.0,231.0,2568.0,0.31778703186553725,,
932,944.0,128.0,1140.0,8.816491740184582e-10,,
933,945.0,110.0,840.0,7.869336864380567e-34,,
934,946.0,135.0,1292.0,8.816491740184582e-10,,
935,947.0,126.0,1236.0,8.816491740184582e-10,,
936,948.0,182.0,1904.0,8.220154509402917e-10,,
937,949.0,234.0,2788.0,0.31778703186553725,,
938,950.0,183.0,1780.0,7.393017475009706e-10,,
939,951.0,132.0,1076.0,3.3687761386647075e-34,,
940,952.0,305.0,4520.0,0.4995,,
941,953.0,180.0,1760.0,7.437531248169104e-10,,
942,954.0,195.0,1892.0,7.261068281990375e-10,,
943,955.0,198.0,2032.0,7.210393032566959e-10,,
944,956.0,175.0,1680.0,7.452428653046544e-10,,
945,957.0,165.0,1636.0,7.519837103562644e-10,,
946,958.0,146.0,1452.0,7.519837103562644e-10,,
947,959.0,221.0,2624.0,0.31778703186553725,,
948,960.0,213.0,2140.0,5.034649153431963e-10,,
949,961.0,46.0,236.0,3.905666389431567e-52,,
950,962.0,199.0,2392.0,0.30167655393278464,,
951,963.0,155.0,1540.0,6.497850482848964e-10,,
952,964.0,195.0,2360.0,0.30167655393278464,,
953,965.0,200.0,2344.0,0.30167655393278464,,
954,966.0,204.0,2428.0,0.30167655393278464,,
955,967.0,240.0,2868.0,0.30167655393278464,,
956,968.0,224.0,2760.0,0.30167655393278464,,
957,969.0,237.0,2852.0,0.30167655393278464,,
958,970.0,111.0,864.0,5.297364808683792e-35,,
959,971.0,138.0,1272.0,4.684727821078961e-10,,
960,972.0,146.0,1352.0,4.652032941814044e-10,,
961,973.0,241.0,2912.0,0.30167655393278464,,
962,974.0,205.0,2456.0,0.30167655393278464,,
963,975.0,66.0,404.0,7.738469834769275e-53,,
964,976.0,246.0,2832.0,0.30167655393278464,,
965,977.0,105.0,788.0,5.480665319965752e-35,,
966,978.0,233.0,2900.0,0.30167655393278464,,
967,979.0,126.0,1164.0,4.698810159826772e-10,,
968,980.0,171.0,1696.0,3.174382700549359e-10,,
969,981.0,74.0,468.0,2.6317910254563894e-53,,
970,982.0,183.0,1792.0,2.9626337863785463e-10,,
971,983.0,138.0,1348.0,3.5614605471455063e-10,,
972,984.0,220.0,2720.0,0.30167655393278464,,
973,985.0,198.0,2336.0,0.30167655393278464,,
974,986.0,182.0,2136.0,0.30167655393278464,,
975,987.0,183.0,2252.0,0.30167655393278464,,
976,988.0,143.0,1340.0,3.526005780770417e-10,,
977,989.0,226.0,2916.0,0.30167655393278464,,
978,990.0,165.0,2008.0,0.30167655393278464,,
979,991.0,113.0,948.0,1.436999208086327e-35,,
980,992.0,239.0,2868.0,0.30167655393278464,,
981,993.0,141.0,1180.0,1.2617403683476263e-35,,
982,994.0,87.0,572.0,7.408409567696665e-54,,
983,995.0,265.0,3024.0,0.30167655393278464,,
984,996.0,269.0,3152.0,0.30167655393278464,,
985,997.0,129.0,1236.0,2.6512285288753034e-10,,
986,998.0,129.0,1280.0,2.549771163559881e-10,,
987,999.0,242.0,2912.0,0.30167655393278464,,
988,1000.0,123.0,1040.0,6.029763922360949e-36,,
989,1001.0,214.0,2436.0,0.30167655393278464,,
990,1002.0,201.0,2372.0,0.30167655393278464,,
991,1003.0,75.0,468.0,2.2933861466437834e-54,,
992,1004.0,174.0,1740.0,1.6467192407236816e-10,,
993,1005.0,109.0,840.0,6.263423196345199e-36,,
994,1006.0,147.0,1412.0,1.7928875883742778e-10,,
995,1007.0,185.0,1800.0,1.6368635931582563e-10,,
996,1008.0,191.0,2248.0,0.30167655393278464,,
997,1009.0,232.0,2824.0,0.30167655393278464,,
998,1010.0,98.0,744.0,3.573145087993108e-36,,
999,1011.0,261.0,3116.0,0.30167655393278464,,
1000,1012.0,150.0,1444.0,1.453133745071353e-10,,
1001,1013.0,121.0,924.0,3.12170285550342e-36,,
1002,1014.0,210.0,2392.0,0.30167655393278464,,
1003,1015.0,133.0,1272.0,1.4633464914007796e-10,,
1004,1016.0,254.0,2804.0,0.30167655393278464,,
1005,1017.0,216.0,2516.0,0.30167655393278464,,
1006,1018.0,210.0,2624.0,0.30167655393278464,,
1007,1019.0,139.0,1256.0,2.7547208104668058e-36,,
1008,1020.0,234.0,2876.0,0.30167655393278464,,
1009,1021.0,182.0,2100.0,0.30167655393278464,,
1010,1022.0,95.0,732.0,1.5465511786076547e-36,,
1011,1023.0,114.0,1052.0,1.0126207857641871e-10,,
1012,1025.0,162.0,1516.0,8.811497070785484e-11,,
1013,1027.0,118.0,1012.0,1.3112027565252159e-36,,
1014,1028.0,205.0,2384.0,0.30167655393278464,,
1015,1029.0,244.0,2924.0,0.30167655393278464,,
1016,1030.0,250.0,3028.0,0.30167655393278464,,
1017,1031.0,297.0,3456.0,0.30167655393278464,,
1018,1032.0,160.0,1532.0,6.705450901531158e-11,,
1019,1033.0,164.0,1676.0,6.598964598337026e-11,,
1020,1034.0,155.0,1492.0,6.632058637224207e-11,,
1021,1035.0,181.0,2148.0,0.30167655393278464,,
1022,1036.0,139.0,1216.0,5.196925159270523e-37,,
1023,1037.0,189.0,2292.0,0.30167655393278464,,
1024,1038.0,264.0,3184.0,0.30167655393278464,,
1025,1039.0,133.0,1144.0,5.452592322974364e-37,,
1026,1040.0,143.0,1416.0,4.7008490653425536e-11,,
1027,1041.0,102.0,792.0,2.6986169922059856e-37,,
1028,1042.0,194.0,2296.0,0.30167655393278464,,
1029,1043.0,213.0,2504.0,0.30167655393278464,,
1030,1044.0,138.0,1332.0,4.7008490653425536e-11,,
1031,1045.0,117.0,1088.0,4.7008490653425536e-11,,
1032,1046.0,190.0,2188.0,0.30167655393278464,,
1033,1047.0,255.0,2936.0,0.30167655393278464,,
1034,1048.0,246.0,2916.0,0.30167655393278464,,
1035,1049.0,264.0,3176.0,0.30167655393278464,,
1036,1050.0,185.0,1784.0,2.6817309354135548e-11,,
1037,1051.0,270.0,3320.0,0.30167655393278464,,
1038,1052.0,173.0,1672.0,2.8221188680858745e-11,,
1039,1053.0,72.0,440.0,3.8481366358722736e-57,,
1040,1054.0,87.0,640.0,1.0803462714277724e-37,,
1041,1055.0,287.0,3420.0,0.30167655393278464,,
1042,1056.0,190.0,2232.0,0.30167655393278464,,
1043,1057.0,187.0,2168.0,0.30167655393278464,,
1044,1058.0,181.0,2148.0,0.30167655393278464,,
1045,1059.0,168.0,1696.0,2.83060218566692e-11,,
1046,1060.0,154.0,1468.0,2.1177291919490778e-11,,
1047,1061.0,222.0,2668.0,0.30167655393278464,,
1048,1062.0,148.0,1420.0,2.1304801582740068e-11,,
1049,1063.0,206.0,2164.0,1.7493579152197446e-11,,
1050,1064.0,110.0,860.0,3.5941816781691497e-38,,
1051,1065.0,260.0,3080.0,0.30167655393278464,,
1052,1066.0,205.0,2476.0,0.30167655393278464,,
1053,1067.0,157.0,1528.0,2.1008465363861477e-11,,
1054,1068.0,208.0,2420.0,0.30167655393278464,,
1055,1069.0,219.0,2472.0,0.30167655393278464,,
1056,1070.0,261.0,3096.0,0.30167655393278464,,
1057,1071.0,147.0,1436.0,1.5375408231496635e-11,,
1058,1072.0,164.0,1628.0,1.4713233844228335e-11,,
1059,1073.0,189.0,2060.0,1.3500197589766722e-11,,
1060,1074.0,130.0,1112.0,1.118213640546675e-38,,
1061,1075.0,95.0,720.0,1.4606273530050142e-38,,
1062,1076.0,127.0,1288.0,1.5955249180666592e-11,,
1063,1077.0,193.0,2276.0,0.30167655393278464,,
1064,1078.0,233.0,2492.0,1.2461754261846916e-11,,
1065,1079.0,225.0,2640.0,0.30167655393278464,,
1066,1080.0,169.0,1672.0,1.1343186593837652e-11,,
1067,1081.0,221.0,2544.0,0.30167655393278464,,
1068,1082.0,123.0,1116.0,1.2093272242118983e-11,,
1069,1083.0,158.0,1520.0,1.172395019341605e-11,,
1070,1084.0,228.0,2780.0,0.30167655393278464,,
1071,1085.0,178.0,2076.0,0.30167655393278464,,
1072,1086.0,227.0,2704.0,0.30167655393278464,,
1073,1087.0,194.0,2340.0,0.30167655393278464,,
1074,1088.0,126.0,1056.0,5.5287696611068395e-39,,
1075,1089.0,185.0,2176.0,0.30167655393278464,,
1076,1090.0,158.0,1516.0,9.360710535537313e-12,,
1077,1091.0,154.0,1356.0,2.1222704595996277e-39,,
1078,1092.0,145.0,1384.0,9.38884892515485e-12,,
1079,1093.0,162.0,1628.0,9.295381809412358e-12,,
1080,1094.0,200.0,2320.0,0.30167655393278464,,
1081,1095.0,188.0,2028.0,8.736299278689082e-12,,
1082,1096.0,199.0,2340.0,0.30167655393278464,,
1083,1097.0,105.0,796.0,2.493200037065697e-39,,
1084,1098.0,100.0,808.0,2.310650335583237e-39,,
1085,1099.0,193.0,2068.0,8.623406327063492e-12,,
1086,1100.0,200.0,2144.0,7.556545400418119e-12,,
1087,1101.0,182.0,1836.0,8.080450698445265e-12,,
1088,1102.0,261.0,3116.0,0.30167655393278464,,
1089,1103.0,124.0,1040.0,1.2463512835528672e-39,,
1090,1104.0,256.0,3124.0,0.30167655393278464,,
1091,1105.0,203.0,2176.0,7.3920353815942e-12,,
1092,1106.0,82.0,600.0,1.6182590270568915e-39,,
1093,1107.0,221.0,2480.0,0.30167655393278464,,
1094,1108.0,171.0,1620.0,8.401978077114342e-12,,
1095,1109.0,201.0,2364.0,0.30167655393278464,,
1096,1110.0,129.0,1168.0,6.601828017981672e-12,,
1097,1111.0,161.0,1748.0,6.451644602456929e-12,,
1098,1112.0,216.0,2492.0,0.30167655393278464,,
1099,1113.0,186.0,1896.0,6.094011431464178e-12,,
1100,1114.0,82.0,592.0,5.8969257342457365e-40,,
1101,1115.0,72.0,444.0,1.4425309704204797e-60,,
1102,1116.0,197.0,1980.0,6.021284161370285e-12,,
1103,1117.0,220.0,2236.0,5.860805452686971e-12,,
1104,1118.0,203.0,2424.0,0.30167655393278464,,
1105,1119.0,126.0,1036.0,4.9250828315645845e-40,,
1106,1120.0,281.0,3468.0,0.30167655393278464,,
1107,1121.0,146.0,1432.0,5.860805452686971e-12,,
1108,1122.0,194.0,2324.0,0.30167655393278464,,
1109,1123.0,110.0,844.0,2.9010606648071922e-40,,
1110,1124.0,147.0,1312.0,2.247792967640337e-40,,
1111,1125.0,41.0,208.0,6.1938787145953996e-61,,
1112,1126.0,196.0,1896.0,5.508299873922352e-12,,
1113,1127.0,221.0,2508.0,0.30167655393278464,,
1114,1128.0,164.0,1460.0,2.142395971388e-40,,
1115,1129.0,246.0,2504.0,5.064290225460282e-12,,
1116,1130.0,193.0,1948.0,4.53197785901747e-12,,
1117,1131.0,158.0,1404.0,9.748526505976918e-41,,
1118,1132.0,79.0,496.0,1.3727389778146561e-61,,
1119,1133.0,196.0,2304.0,0.30167655393278464,,
1120,1134.0,144.0,1424.0,4.899815168526071e-12,,
1121,1135.0,208.0,2420.0,0.30167655393278464,,
1122,1136.0,174.0,1720.0,4.73594115448875e-12,,
1123,1137.0,127.0,1180.0,4.899815168526071e-12,,
1124,1138.0,107.0,864.0,1.3333407799708454e-40,,
1125,1139.0,136.0,1240.0,4.899815168526071e-12,,
1126,1140.0,141.0,1364.0,4.437752038829855e-12,,
1127,1141.0,111.0,1032.0,4.437752038829855e-12,,
1128,1142.0,91.0,612.0,4.908059981488562e-62,,
1129,1143.0,165.0,1552.0,4.384790931886187e-12,,
1130,1144.0,222.0,2724.0,0.30167655393278464,,
1131,1145.0,210.0,2516.0,0.30167655393278464,,
1132,1146.0,201.0,2376.0,0.30167655393278464,,
1133,1147.0,218.0,2364.0,3.815502604280859e-12,,
1134,1148.0,88.0,596.0,3.8295781947650493e-62,,
1135,1149.0,139.0,1168.0,5.102815418062947e-41,,
1136,1150.0,245.0,2888.0,0.30167655393278464,,
1137,1151.0,214.0,2504.0,0.30167655393278464,,
1138,1152.0,296.0,3916.0,0.30167655393278464,,
1139,1153.0,151.0,1468.0,3.717529711400831e-12,,
1140,1154.0,210.0,2452.0,0.30167655393278464,,
1141,1155.0,259.0,3132.0,0.30167655393278464,,
1142,1156.0,201.0,2168.0,3.0372676874481052e-12,,
1143,1157.0,126.0,1064.0,3.5452557765799197e-41,,
1144,1158.0,228.0,2704.0,0.30167655393278464,,
1145,1159.0,123.0,1132.0,3.815502604280859e-12,,
1146,1160.0,166.0,1660.0,2.1897660577154016e-12,,
1147,1161.0,238.0,2884.0,0.30167655393278464,,
1148,1162.0,179.0,2128.0,0.30167655393278464,,
1149,1163.0,189.0,2004.0,2.118648116013589e-12,,
1150,1164.0,112.0,972.0,1.3432942400506316e-41,,
1151,1165.0,158.0,1552.0,2.1941521678990316e-12,,
1152,1166.0,141.0,1304.0,2.2474758090986733e-12,,
1153,1167.0,52.0,252.0,2.8440889692026283e-75,,
1154,1168.0,160.0,1524.0,2.2095728541055957e-12,,
1155,1169.0,127.0,1236.0,2.261007987087651e-12,,
1156,1170.0,265.0,3236.0,0.30167655393278464,,
1157,1171.0,200.0,2352.0,0.30167655393278464,,
1158,1172.0,211.0,2428.0,0.30167655393278464,,
1159,1173.0,172.0,1796.0,1.9073706471790166e-12,,
1160,1174.0,170.0,1684.0,1.8846076671966793e-12,,
1161,1175.0,178.0,2128.0,0.30167655393278464,,
1162,1176.0,165.0,1464.0,5.218642251190095e-42,,
1163,1177.0,177.0,2124.0,0.30167655393278464,,
1164,1178.0,69.0,480.0,8.623477541287316e-42,,
1165,1179.0,142.0,1372.0,2.0032085808234334e-12,,
1166,1180.0,101.0,820.0,3.607635746166843e-42,,
1167,1181.0,140.0,1300.0,1.5771676404853509e-12,,
1168,1182.0,206.0,2188.0,1.3212021564211243e-12,,
1169,1183.0,253.0,2808.0,0.30167655393278464,,
1170,1184.0,171.0,1620.0,1.4113900484423356e-12,,
1171,1185.0,92.0,672.0,3.7175604116813045e-42,,
1172,1186.0,178.0,2096.0,0.30167655393278464,,
1173,1187.0,156.0,1488.0,1.5183308296432707e-12,,
1174,1188.0,228.0,2692.0,0.30167655393278464,,
1175,1189.0,233.0,2840.0,0.30167655393278464,,
1176,1190.0,159.0,1520.0,1.1906388502355706e-12,,
1177,1191.0,211.0,2464.0,0.30167655393278464,,
1178,1192.0,324.0,4612.0,0.4995,,
1179,1193.0,124.0,1024.0,1.3133055806236825e-42,,
1180,1194.0,258.0,3100.0,0.29987101372848923,,
1181,1195.0,127.0,1104.0,1.2442342555388031e-42,,
1182,1196.0,155.0,1484.0,1.1954133358795313e-12,,
1183,1197.0,221.0,2624.0,0.30167655393278464,,
1184,1198.0,224.0,2648.0,0.30077242899897155,,
1185,1199.0,233.0,2720.0,0.29100411790669983,,
1186,1200.0,344.0,4872.0,0.4995,,
1187,1201.0,198.0,1916.0,7.50706405472837e-13,,
1188,1202.0,161.0,1592.0,7.628204195293914e-13,,
1189,1203.0,199.0,2108.0,7.50706405472837e-13,,
1190,1204.0,188.0,1856.0,7.50706405472837e-13,,
1191,1205.0,182.0,1852.0,7.50706405472837e-13,,
1192,1206.0,177.0,2124.0,0.28211700821012187,,
1193,1207.0,117.0,920.0,4.413142551091143e-43,,
1194,1208.0,121.0,1132.0,7.80577593567359e-13,,
1195,1209.0,180.0,1784.0,7.50706405472837e-13,,
1196,1210.0,126.0,1096.0,1.9235486886657925e-43,,
1197,1211.0,182.0,1712.0,6.39658591883052e-13,,
1198,1212.0,176.0,1752.0,6.428665021542529e-13,,
1199,1213.0,226.0,2424.0,6.127230684422807e-13,,
1200,1214.0,164.0,1588.0,6.473846220674788e-13,,
1201,1215.0,255.0,3072.0,0.2651487228675571,,
1202,1216.0,74.0,460.0,7.454532140138126e-66,,
1203,1217.0,167.0,1584.0,6.486813360582592e-13,,
1204,1218.0,53.0,284.0,7.813442939721656e-66,,
1205,1219.0,138.0,1168.0,1.81873960552601e-43,,
1206,1220.0,214.0,2652.0,0.2651487228675571,,
1207,1221.0,123.0,1156.0,5.904556678168861e-13,,
1208,1222.0,203.0,2172.0,5.262819094996042e-13,,
1209,1223.0,67.0,352.0,3.736366767234529e-79,,
1210,1224.0,123.0,1040.0,1.0048588048270348e-43,,
1211,1225.0,169.0,1628.0,5.81078902228835e-13,,
1212,1226.0,212.0,2464.0,0.2651487228675571,,
1213,1227.0,201.0,2168.0,5.396115490707015e-13,,
1214,1228.0,233.0,2724.0,0.2651487228675571,,
1215,1229.0,37.0,152.0,4.67966376239174e-79,,
1216,1230.0,165.0,1636.0,4.94628016429932e-13,,
1217,1231.0,95.0,732.0,5.743980549163197e-44,,
1218,1232.0,258.0,3104.0,0.2651487228675571,,
1219,1233.0,262.0,3180.0,0.2651487228675571,,
1220,1234.0,194.0,1908.0,4.3560786904609136e-13,,
1221,1235.0,279.0,3336.0,0.2651487228675571,,
1222,1236.0,279.0,3288.0,0.2651487228675571,,
1223,1237.0,160.0,1540.0,4.986029066889446e-13,,
1224,1238.0,193.0,2268.0,0.2651487228675571,,
1225,1239.0,85.0,612.0,6.038631794106038e-44,,
1226,1240.0,195.0,2296.0,0.2651487228675571,,
1227,1241.0,176.0,2160.0,0.2651487228675571,,
1228,1242.0,156.0,1492.0,3.2008556574251596e-13,,
1229,1243.0,208.0,2028.0,2.966492094107113e-13,,
1230,1244.0,217.0,2720.0,0.2651487228675571,,
1231,1245.0,96.0,724.0,1.9495763356129533e-44,,
1232,1246.0,113.0,936.0,1.880606014755887e-44,,
1233,1247.0,160.0,1524.0,3.090709435494046e-13,,
1234,1248.0,218.0,2516.0,0.2651487228675571,,
1235,1249.0,143.0,1276.0,1.1928750735257565e-44,,
1236,1250.0,243.0,2756.0,0.2651487228675571,,
1237,1251.0,145.0,1200.0,7.53622852511273e-45,,
1238,1252.0,211.0,2472.0,0.2651487228675571,,
1239,1253.0,231.0,2824.0,0.2651487228675571,,
1240,1254.0,231.0,2800.0,0.2651487228675571,,
1241,1255.0,211.0,2480.0,0.2651487228675571,,
1242,1256.0,104.0,784.0,9.736190739689365e-45,,
1243,1257.0,125.0,1172.0,2.8245685444611446e-13,,
1244,1258.0,207.0,2500.0,0.2651487228675571,,
1245,1259.0,114.0,940.0,9.159754951611402e-45,,
1246,1260.0,230.0,2592.0,0.2651487228675571,,
1247,1261.0,170.0,1644.0,1.793427285582049e-13,,
1248,1262.0,189.0,2044.0,1.6259291567985333e-13,,
1249,1263.0,124.0,1160.0,1.9120204213841208e-13,,
1250,1264.0,185.0,2284.0,0.2651487228675571,,
1251,1265.0,228.0,2648.0,0.2651487228675571,,
1252,1266.0,246.0,2840.0,0.2651487228675571,,
1253,1267.0,222.0,2720.0,0.2651487228675571,,
1254,1268.0,239.0,2940.0,0.2651487228675571,,
1255,1269.0,78.0,580.0,4.6203811336385905e-45,,
1256,1270.0,284.0,3332.0,0.2651487228675571,,
1257,1271.0,120.0,1116.0,1.2942939901241965e-13,,
1258,1272.0,140.0,1388.0,1.282691830238946e-13,,
1259,1274.0,145.0,1420.0,1.26738390437859e-13,,
1260,1275.0,247.0,3024.0,0.2651487228675571,,
1261,1276.0,117.0,1076.0,1.2942939901241965e-13,,
1262,1277.0,153.0,1484.0,1.2547669457902642e-13,,
1263,1278.0,277.0,3256.0,0.2651487228675571,,
1264,1279.0,240.0,2816.0,0.2651487228675571,,
1265,1280.0,108.0,884.0,6.5213612728175005e-46,,
1266,1281.0,114.0,1024.0,6.4242226383216124e-46,,
1267,1282.0,155.0,1392.0,5.473923196624053e-46,,
1268,1283.0,93.0,708.0,6.828507672023061e-46,,
1269,1284.0,244.0,3036.0,0.2651487228675571,,
1270,1285.0,198.0,1948.0,7.840477914476119e-14,,
1271,1286.0,194.0,2268.0,0.2651487228675571,,
1272,1287.0,168.0,1508.0,5.312064582423722e-46,,
1273,1288.0,144.0,1300.0,8.333889811346114e-14,,
1274,1289.0,100.0,696.0,8.154757664246234e-70,,
1275,1290.0,184.0,1840.0,7.094002846636455e-14,,
1276,1291.0,256.0,3052.0,0.2651487228675571,,
1277,1292.0,247.0,2924.0,0.2651487228675571,,
1278,1293.0,177.0,1756.0,7.186873678628185e-14,,
1279,1294.0,171.0,1644.0,7.215693186068901e-14,,
1280,1295.0,135.0,1216.0,7.495308383754754e-14,,
1281,1296.0,185.0,2168.0,0.2651487228675571,,
1282,1297.0,173.0,1736.0,6.953462597342075e-14,,
1283,1298.0,212.0,2452.0,0.2651487228675571,,
1284,1299.0,154.0,1512.0,6.541779548053596e-14,,
1285,1300.0,165.0,1652.0,5.507568147661058e-14,,
1286,1301.0,193.0,2280.0,0.2651487228675571,,
1287,1302.0,231.0,2804.0,0.2651487228675571,,
1288,1303.0,180.0,2132.0,0.2651487228675571,,
1289,1304.0,180.0,2200.0,0.2651487228675571,,
1290,1305.0,205.0,2432.0,0.2651487228675571,,
1291,1306.0,321.0,4580.0,0.4995,,
1292,1307.0,221.0,2528.0,0.2651487228675571,,
1293,1308.0,211.0,2196.0,4.5952934324779605e-14,,
1294,1309.0,189.0,1988.0,4.9286624168466156e-14,,
1295,1310.0,113.0,936.0,4.550953828584333e-47,,
1296,1311.0,226.0,2768.0,0.2509524223020972,,
1297,1312.0,142.0,1240.0,3.9403312587985907e-47,,
1298,1313.0,215.0,2540.0,0.2509524223020972,,
1299,1314.0,250.0,2996.0,0.2509524223020972,,
1300,1316.0,88.0,688.0,5.141772602661618e-47,,
1301,1317.0,73.0,512.0,5.346367708596039e-47,,
1302,1318.0,168.0,1624.0,3.841807861743798e-14,,
1303,1319.0,180.0,1904.0,3.691094548934086e-14,,
1304,1320.0,118.0,912.0,2.201136023632388e-47,,
1305,1321.0,186.0,2268.0,0.2509524223020972,,
1306,1322.0,99.0,768.0,2.5144149339023524e-47,,
1307,1323.0,195.0,2336.0,0.2509524223020972,,
1308,1324.0,205.0,2420.0,0.2509524223020972,,
1309,1325.0,252.0,3080.0,0.2509524223020972,,
1310,1326.0,171.0,1712.0,2.952970064540069e-14,,
1311,1327.0,194.0,2212.0,0.2509524223020972,,
1312,1328.0,153.0,1504.0,3.138804471171692e-14,,
1313,1329.0,270.0,3192.0,0.2509524223020972,,
1314,1330.0,175.0,1728.0,2.235963815947558e-14,,
1315,1331.0,209.0,2472.0,0.2509524223020972,,
1316,1332.0,183.0,2272.0,0.2509524223020972,,
1317,1333.0,95.0,712.0,1.0414347731349342e-47,,
1318,1334.0,122.0,1136.0,2.3389331057413343e-14,,
1319,1335.0,115.0,944.0,8.602809889454861e-48,,
1320,1336.0,186.0,2020.0,2.1807303951434163e-14,,
1321,1337.0,290.0,3604.0,0.2509524223020972,,
1322,1338.0,158.0,1532.0,2.288013286053344e-14,,
1323,1339.0,100.0,728.0,1.0076116634830647e-47,,
1324,1340.0,170.0,1656.0,1.8451790311190985e-14,,
1325,1341.0,166.0,2056.0,0.2509524223020972,,
1326,1342.0,111.0,932.0,4.772136865356364e-48,,
1327,1343.0,229.0,2900.0,0.2509524223020972,,
1328,1344.0,99.0,792.0,4.897903191442351e-48,,
1329,1345.0,97.0,768.0,4.888112282962658e-48,,
1330,1346.0,182.0,1804.0,1.8359715693112478e-14,,
1331,1347.0,222.0,2376.0,1.744640103448656e-14,,
1332,1348.0,84.0,560.0,4.752317126462105e-73,,
1333,1349.0,90.0,648.0,4.0176940850499695e-48,,
1334,1350.0,56.0,300.0,3.0416774817014186e-73,,
1335,1351.0,130.0,1224.0,1.744640103448656e-14,,
1336,1352.0,92.0,760.0,3.0452089971076564e-48,,
1337,1353.0,124.0,1148.0,1.744640103448656e-14,,
1338,1354.0,123.0,1220.0,1.744640103448656e-14,,
1339,1355.0,157.0,1572.0,1.744640103448656e-14,,
1340,1356.0,86.0,632.0,3.0850752192200664e-48,,
1341,1357.0,164.0,1592.0,1.744640103448656e-14,,
1342,1358.0,161.0,1604.0,1.744640103448656e-14,,
1343,1359.0,110.0,1024.0,1.744640103448656e-14,,
1344,1361.0,136.0,1264.0,1.7428954633452076e-14,,
1345,1362.0,96.0,736.0,2.1305729110470802e-48,,
1346,1363.0,177.0,2128.0,0.2509524223020972,,
1347,1364.0,243.0,2984.0,0.2509524223020972,,
1348,1365.0,142.0,1360.0,1.7272720022279468e-14,,
1349,1366.0,68.0,428.0,1.4120257995829206e-73,,
1350,1367.0,160.0,1528.0,1.7015435021985482e-14,,
1351,1369.0,81.0,608.0,2.1823514098770564e-48,,
1352,1370.0,236.0,2812.0,0.2509524223020972,,
1353,1371.0,136.0,1324.0,1.631524359357393e-14,,
1354,1372.0,250.0,3004.0,0.2509524223020972,,
1355,1373.0,229.0,2656.0,0.2509524223020972,,
1356,1374.0,205.0,2472.0,0.2509524223020972,,
1357,1375.0,201.0,2396.0,0.2509524223020972,,
1358,1376.0,206.0,2388.0,0.2509524223020972,,
1359,1377.0,191.0,2300.0,0.2509524223020972,,
1360,1378.0,204.0,2408.0,0.2509524223020972,,
1361,1379.0,243.0,2944.0,0.2509524223020972,,
1362,1380.0,91.0,668.0,4.217177092564907e-49,,
1363,1381.0,128.0,1108.0,3.5116092484566915e-49,,
1364,1382.0,185.0,2168.0,0.2509524223020972,,
1365,1383.0,88.0,640.0,4.259581739033352e-49,,
1366,1384.0,182.0,2260.0,0.2509524223020972,,
1367,1385.0,170.0,1676.0,8.497513940163576e-15,,
1368,1386.0,336.0,4960.0,0.4995,,
1369,1387.0,155.0,1468.0,9.014218488500475e-15,,
1370,1388.0,73.0,512.0,4.415799850085264e-49,,
1371,1389.0,210.0,2420.0,0.2509524223020972,,
1372,1390.0,139.0,1360.0,7.416487762337451e-15,,
1373,1391.0,243.0,2892.0,0.23234535011106883,,
1374,1392.0,146.0,1412.0,7.416487762337451e-15,,
1375,1393.0,282.0,3400.0,0.23234535011106883,,
1376,1394.0,143.0,1312.0,7.416487762337451e-15,,
1377,1395.0,171.0,1728.0,6.942573837391947e-15,,
1378,1396.0,196.0,2348.0,0.23234535011106883,,
1379,1397.0,179.0,1760.0,6.5708622039071185e-15,,
1380,1398.0,150.0,1328.0,1.116838053123108e-49,,
1381,1399.0,162.0,1612.0,6.237746878483782e-15,,
1382,1400.0,383.0,5392.0,0.4995,,
1383,1401.0,63.0,372.0,1.1238704479633083e-75,,
1384,1402.0,197.0,2256.0,0.23234535011106883,,
1385,1403.0,264.0,3144.0,0.23095475854723085,,
1386,1404.0,197.0,2008.0,4.7658907245016865e-15,,
1387,1405.0,78.0,488.0,9.769775930033819e-76,,
1388,1406.0,118.0,1100.0,5.746425519123262e-15,,
1389,1407.0,217.0,2712.0,0.23234535011106883,,
1390,1408.0,152.0,1472.0,5.68921916471463e-15,,
1391,1409.0,82.0,540.0,9.760006154103786e-76,,
1392,1410.0,202.0,2372.0,0.2052364648656675,,
1393,1411.0,165.0,1588.0,3.5090008828631346e-15,,
1394,1412.0,182.0,2204.0,0.2052364648656675,,
1395,1413.0,144.0,1300.0,2.5608778958200456e-50,,
1396,1414.0,240.0,2456.0,3.1876479215758144e-15,,
1397,1415.0,211.0,2196.0,3.1876479215758144e-15,,
1398,1416.0,152.0,1476.0,3.615920143974383e-15,,
1399,1417.0,209.0,2448.0,0.2052364648656675,,
1400,1418.0,144.0,1296.0,3.666924731157392e-15,,
1401,1419.0,147.0,1440.0,3.655934954071189e-15,,
1402,1420.0,157.0,1500.0,3.1876479215758144e-15,,
1403,1421.0,102.0,820.0,1.6772213850057161e-50,,
1404,1422.0,234.0,2860.0,0.2052364648656675,,
1405,1423.0,235.0,2420.0,2.6729834817374836e-15,,
1406,1424.0,111.0,1016.0,1.6243739434510688e-50,,
1407,1425.0,242.0,2976.0,0.2052364648656675,,
1408,1426.0,156.0,1512.0,3.1876479215758144e-15,,
1409,1427.0,266.0,3156.0,0.2052364648656675,,
1410,1428.0,84.0,604.0,1.7387326724122878e-50,,
1411,1429.0,177.0,1708.0,3.1654012152749597e-15,,
1412,1430.0,267.0,3168.0,0.2052364648656675,,
1413,1431.0,86.0,660.0,8.485703892115075e-51,,
1414,1432.0,164.0,2000.0,0.2052364648656675,,
1415,1433.0,141.0,1384.0,2.5681229030422676e-15,,
1416,1434.0,154.0,1548.0,2.5681229030422676e-15,,
1417,1435.0,149.0,1476.0,2.5681229030422676e-15,,
1418,1436.0,157.0,1556.0,2.5681229030422676e-15,,
1419,1437.0,122.0,1156.0,2.5681229030422676e-15,,
1420,1438.0,141.0,1388.0,2.5681229030422676e-15,,
1421,1439.0,135.0,1320.0,2.5681229030422676e-15,,
1422,1440.0,81.0,604.0,4.884694124773248e-51,,
1423,1441.0,247.0,3028.0,0.2052364648656675,,
1424,1442.0,69.0,524.0,4.884694124773248e-51,,
1425,1443.0,141.0,1456.0,2.455063751936031e-15,,
1426,1444.0,56.0,312.0,1.2064487889189503e-77,,
1427,1445.0,166.0,1596.0,2.455063751936031e-15,,
1428,1446.0,107.0,904.0,4.6509995430483337e-51,,
1429,1447.0,138.0,1332.0,2.455063751936031e-15,,
1430,1448.0,167.0,1688.0,2.455063751936031e-15,,
1431,1449.0,95.0,760.0,3.758333274026771e-51,,
1432,1450.0,133.0,1256.0,2.4088349870813973e-15,,
1433,1451.0,203.0,2452.0,0.2052364648656675,,
1434,1452.0,272.0,3228.0,0.2052364648656675,,
1435,1453.0,184.0,2152.0,0.2052364648656675,,
1436,1454.0,172.0,1736.0,2.119285874052554e-15,,
1437,1455.0,212.0,2520.0,0.2052364648656675,,
1438,1456.0,145.0,1364.0,2.3848547462300527e-15,,
1439,1457.0,216.0,2524.0,0.2052364648656675,,
1440,1458.0,223.0,2624.0,0.2052364648656675,,
1441,1459.0,87.0,652.0,3.138941122441442e-51,,
1442,1460.0,176.0,1720.0,1.5432962859047966e-15,,
1443,1461.0,199.0,2252.0,0.2052364648656675,,
1444,1462.0,154.0,1532.0,1.6111401380886645e-15,,
1445,1463.0,111.0,940.0,1.1681148281138317e-51,,
1446,1464.0,71.0,548.0,1.2833042828972138e-51,,
1447,1465.0,149.0,1428.0,1.6031005326962547e-15,,
1448,1467.0,133.0,1208.0,1.6371388163170619e-15,,
1449,1468.0,90.0,696.0,1.2616617698698617e-51,,
1450,1469.0,245.0,3004.0,0.2052364648656675,,
1451,1470.0,262.0,3108.0,0.2052364648656675,,
1452,1471.0,98.0,760.0,7.37980068794565e-52,,
1453,1472.0,89.0,680.0,7.55914916238883e-52,,
1454,1473.0,236.0,2500.0,1.102689793965525e-15,,
1455,1474.0,210.0,2220.0,1.1523167452120424e-15,,
1456,1475.0,194.0,1884.0,1.1767836350886014e-15,,
1457,1476.0,199.0,2356.0,0.2052364648656675,,
1458,1477.0,202.0,2416.0,0.2052364648656675,,
1459,1478.0,238.0,2880.0,0.2052364648656675,,
1460,1479.0,202.0,2408.0,0.2052364648656675,,
1461,1480.0,194.0,2324.0,0.2052364648656675,,
1462,1481.0,176.0,1716.0,1.0087459568912777e-15,,
1463,1482.0,190.0,2240.0,0.2052364648656675,,
1464,1483.0,89.0,656.0,2.779464562171633e-52,,
1465,1484.0,99.0,744.0,2.6149050451935084e-52,,
1466,1485.0,219.0,2384.0,9.56649134736105e-16,,
1467,1486.0,202.0,2364.0,0.2052364648656675,,
1468,1487.0,190.0,1960.0,9.740335024942434e-16,,
1469,1488.0,131.0,1260.0,1.069014239025748e-15,,
1470,1489.0,120.0,1036.0,2.3330367548388408e-52,,
1471,1490.0,242.0,2892.0,0.2052364648656675,,
1472,1491.0,273.0,3268.0,0.2052364648656675,,
1473,1492.0,290.0,3564.0,0.2052364648656675,,
1474,1493.0,252.0,2960.0,0.2052364648656675,,
1475,1494.0,206.0,2456.0,0.2052364648656675,,
1476,1495.0,139.0,1356.0,9.547367931157675e-16,,
1477,1496.0,150.0,1340.0,1.0426525330924623e-52,,
1478,1497.0,181.0,2132.0,0.2052364648656675,,
1479,1498.0,261.0,3152.0,0.2052364648656675,,
1480,1499.0,259.0,3092.0,0.2052364648656675,,
1481,1500.0,186.0,2264.0,0.2052364648656675,,
1482,1501.0,68.0,428.0,6.542118377534658e-81,,
1483,1502.0,89.0,656.0,4.195018576418648e-53,,
1484,1503.0,175.0,2092.0,0.2052364648656675,,
1485,1504.0,238.0,2892.0,0.2052364648656675,,
1486,1505.0,220.0,2604.0,0.2052364648656675,,
1487,1506.0,95.0,736.0,4.1077985858622466e-53,,
1488,1507.0,188.0,1816.0,4.388014066174121e-16,,
1489,1508.0,272.0,3192.0,0.2052364648656675,,
1490,1509.0,254.0,3104.0,0.2052364648656675,,
1491,1510.0,223.0,2592.0,0.2052364648656675,,
1492,1511.0,184.0,1848.0,3.0303909105488926e-16,,
1493,1512.0,170.0,1664.0,3.2730757863713016e-16,,
1494,1513.0,222.0,2608.0,0.2052364648656675,,
1495,1514.0,202.0,2292.0,0.2052364648656675,,
1496,1515.0,225.0,2472.0,2.4147072273844714e-16,,
1497,1516.0,225.0,2544.0,0.2052364648656675,,
1498,1517.0,241.0,2588.0,2.407470347409293e-16,,
1499,1518.0,251.0,3040.0,0.2052364648656675,,
1500,1519.0,205.0,2432.0,0.2052364648656675,,
1501,1520.0,237.0,2816.0,0.2052364648656675,,
1502,1521.0,77.0,516.0,3.491671774095652e-82,,
1503,1522.0,251.0,3044.0,0.2052364648656675,,
1504,1523.0,211.0,2432.0,0.2052364648656675,,
1505,1524.0,71.0,456.0,3.5551229433985253e-82,,
1506,1525.0,143.0,1312.0,2.3621377647025825e-16,,
1507,1526.0,132.0,1144.0,4.666384752370589e-54,,
1508,1527.0,170.0,1616.0,2.280853077634847e-16,,
1509,1528.0,167.0,1592.0,2.3060936524059363e-16,,
1510,1529.0,189.0,2276.0,0.2052364648656675,,
1511,1530.0,143.0,1228.0,2.0523261456292948e-54,,
1512,1531.0,302.0,3580.0,0.2052364648656675,,
1513,1532.0,176.0,1732.0,1.7707849900049705e-16,,
1514,1533.0,115.0,940.0,2.5372477378318226e-54,,
1515,1534.0,118.0,1012.0,2.420699166177549e-54,,
1516,1535.0,234.0,2872.0,0.2052364648656675,,
1517,1536.0,227.0,2688.0,0.2052364648656675,,
1518,1537.0,175.0,1740.0,1.7814469858173157e-16,,
1519,1538.0,202.0,2356.0,0.2052364648656675,,
1520,1539.0,206.0,2396.0,0.2052364648656675,,
1521,1540.0,158.0,1544.0,1.354305607312405e-16,,
1522,1541.0,341.0,4796.0,0.4995,,
1523,1542.0,214.0,2284.0,1.0943737534377895e-16,,
1524,1543.0,239.0,2988.0,0.2052364648656675,,
1525,1544.0,155.0,1468.0,1.3488965053009313e-16,,
1526,1545.0,275.0,3352.0,0.20278712784336803,,
1527,1546.0,201.0,2040.0,1.166740899963917e-16,,
1528,1547.0,206.0,2440.0,0.2052364648656675,,
1529,1548.0,107.0,880.0,8.577329836119862e-55,,
1530,1549.0,158.0,1500.0,1.0780725599308152e-16,,
1531,1550.0,109.0,896.0,4.173530903481294e-55,,
1532,1551.0,148.0,1276.0,3.464850045961178e-55,,
1533,1552.0,193.0,2316.0,0.1913545094666089,,
1534,1553.0,206.0,2492.0,0.1913545094666089,,
1535,1554.0,86.0,628.0,4.29639769672302e-55,,
1536,1555.0,262.0,3124.0,0.1913545094666089,,
1537,1556.0,113.0,892.0,4.0908485186143116e-55,,
1538,1557.0,158.0,1500.0,8.616231415148421e-17,,
1539,1558.0,138.0,1380.0,8.755269989638659e-17,,
1540,1559.0,77.0,512.0,6.743486053872798e-84,,
1541,1560.0,169.0,2032.0,0.1913545094666089,,
1542,1561.0,185.0,1832.0,6.810940523954608e-17,,
1543,1562.0,89.0,688.0,2.620931429024975e-55,,
1544,1563.0,63.0,388.0,2.8954896350737416e-84,,
1545,1564.0,212.0,2228.0,6.150166692017091e-17,,
1546,1565.0,117.0,968.0,2.103115230202366e-55,,
1547,1566.0,242.0,2924.0,0.1913545094666089,,
1548,1567.0,340.0,4820.0,0.4995,,
1549,1568.0,166.0,1604.0,7.032527913190335e-17,,
1550,1569.0,297.0,3732.0,0.18737599585467374,,
1551,1570.0,222.0,2764.0,0.179485739094855,,
1552,1571.0,256.0,3084.0,0.179485739094855,,
1553,1572.0,126.0,1160.0,4.9006390261852366e-17,,
1554,1573.0,138.0,1164.0,7.656074955610792e-56,,
1555,1574.0,183.0,1800.0,4.4119337044763556e-17,,
1556,1575.0,201.0,2352.0,0.179485739094855,,
1557,1576.0,263.0,3232.0,0.179485739094855,,
1558,1577.0,233.0,2820.0,0.179485739094855,,
1559,1578.0,120.0,1052.0,8.538232173300925e-56,,
1560,1579.0,134.0,1144.0,7.803005272851494e-56,,
1561,1580.0,228.0,2816.0,0.179485739094855,,
1562,1581.0,206.0,2384.0,0.179485739094855,,
1563,1582.0,261.0,3116.0,0.179485739094855,,
1564,1583.0,150.0,1444.0,3.3844130253167714e-17,,
1565,1584.0,104.0,788.0,3.9915264528614418e-56,,
1566,1585.0,115.0,972.0,3.6992707366748017e-56,,
1567,1586.0,206.0,2172.0,2.787327975284667e-17,,
1568,1587.0,101.0,800.0,4.1337758514855215e-56,,
1569,1588.0,215.0,2484.0,0.179485739094855,,
1570,1589.0,75.0,460.0,1.8764297621561649e-85,,
1571,1590.0,204.0,2432.0,0.179485739094855,,
1572,1591.0,206.0,2440.0,0.179485739094855,,
1573,1592.0,223.0,2700.0,0.179485739094855,,
1574,1593.0,86.0,688.0,2.1103525416611036e-56,,
1575,1594.0,206.0,2404.0,0.179485739094855,,
1576,1596.0,208.0,2452.0,0.179485739094855,,
1577,1597.0,98.0,744.0,1.86226310863846e-56,,
1578,1598.0,121.0,1136.0,2.45473761961542e-17,,
1579,1599.0,91.0,744.0,1.4603423464874024e-56,,
1580,1600.0,144.0,1360.0,1.9346004129505825e-17,,
1581,1601.0,207.0,2412.0,0.179485739094855,,
1582,1602.0,181.0,2100.0,0.179485739094855,,
1583,1603.0,149.0,1360.0,1.9249467375536262e-17,,
1584,1604.0,93.0,704.0,9.855792506114864e-57,,
1585,1605.0,157.0,1588.0,1.849431482694611e-17,,
1586,1606.0,163.0,1428.0,6.245312622112694e-57,,
1587,1607.0,200.0,2364.0,0.179485739094855,,
1588,1608.0,226.0,2580.0,0.179485739094855,,
1589,1609.0,227.0,2692.0,0.179485739094855,,
1590,1610.0,160.0,1536.0,1.4722093168630687e-17,,
1591,1611.0,60.0,372.0,6.195575804764457e-87,,
1592,1612.0,208.0,2488.0,0.179485739094855,,
1593,1613.0,105.0,824.0,4.47570817600233e-57,,
1594,1614.0,259.0,3068.0,0.179485739094855,,
1595,1615.0,188.0,1860.0,1.297839770284584e-17,,
1596,1616.0,234.0,2812.0,0.179485739094855,,
1597,1617.0,155.0,1488.0,1.4781129057194855e-17,,
1598,1618.0,220.0,2608.0,0.179485739094855,,
1599,1619.0,220.0,2560.0,0.179485739094855,,
1600,1620.0,51.0,248.0,1.4183149265670818e-104,,
1601,1621.0,249.0,3028.0,0.179485739094855,,
1602,1622.0,180.0,1812.0,1.0362294457686043e-17,,
1603,1623.0,186.0,1848.0,1.0187537702189662e-17,,
1604,1624.0,160.0,1548.0,1.0678033582245328e-17,,
1605,1625.0,183.0,1840.0,1.0025753916954675e-17,,
1606,1626.0,177.0,1756.0,1.0279685666705662e-17,,
1607,1627.0,175.0,1740.0,1.0529508937013018e-17,,
1608,1628.0,212.0,2556.0,0.179485739094855,,
1609,1629.0,209.0,2444.0,0.179485739094855,,
1610,1630.0,282.0,3348.0,0.179485739094855,,
1611,1631.0,159.0,1520.0,8.909321914266177e-18,,
1612,1632.0,134.0,1128.0,6.3361544576382456e-58,,
1613,1633.0,246.0,3044.0,0.179485739094855,,
1614,1634.0,180.0,1872.0,8.407037185818442e-18,,
1615,1635.0,112.0,888.0,7.016910812771846e-58,,
1616,1636.0,253.0,2992.0,0.179485739094855,,
1617,1637.0,96.0,752.0,7.951698930001841e-58,,
1618,1638.0,223.0,2664.0,0.179485739094855,,
1619,1639.0,121.0,976.0,6.85728477746401e-58,,
1620,1640.0,147.0,1452.0,6.416892878734105e-18,,
1621,1641.0,135.0,1220.0,6.416892878734105e-18,,
1622,1642.0,153.0,1468.0,6.416892878734105e-18,,
1623,1643.0,228.0,2688.0,0.179485739094855,,
1624,1644.0,222.0,2604.0,0.179485739094855,,
1625,1645.0,184.0,1888.0,5.953007179816164e-18,,
1626,1646.0,261.0,3116.0,0.179485739094855,,
1627,1647.0,116.0,880.0,2.685435053097806e-58,,
1628,1648.0,253.0,2980.0,0.179485739094855,,
1629,1649.0,134.0,1316.0,5.8409122621682435e-18,,
1630,1650.0,184.0,2248.0,0.179485739094855,,
1631,1651.0,161.0,1560.0,4.71986606371287e-18,,
1632,1652.0,220.0,2736.0,0.179485739094855,,
1633,1653.0,172.0,1684.0,4.584889078639732e-18,,
1634,1654.0,93.0,812.0,1.4255048541995092e-58,,
1635,1655.0,195.0,2344.0,0.179485739094855,,
1636,1656.0,151.0,1476.0,4.786442428940385e-18,,
1637,1657.0,322.0,4628.0,0.4995,,
1638,1658.0,89.0,644.0,1.4601483536275672e-58,,
1639,1659.0,132.0,1164.0,1.1496050664393303e-58,,
1640,1661.0,273.0,3240.0,0.17278995850128093,,
1641,1662.0,197.0,2332.0,0.17278995850128093,,
1642,1663.0,159.0,1552.0,3.730949819251856e-18,,
1643,1664.0,206.0,2416.0,0.17278995850128093,,
1644,1665.0,163.0,1588.0,3.5738424379268306e-18,,
1645,1666.0,248.0,3008.0,0.17278995850128093,,
1646,1667.0,196.0,1952.0,3.1036249997652657e-18,,
1647,1668.0,162.0,1568.0,3.7234916505631716e-18,,
1648,1669.0,219.0,2616.0,0.17278995850128093,,
1649,1670.0,160.0,1552.0,2.581779065873226e-18,,
1650,1671.0,216.0,2480.0,0.17278995850128093,,
1651,1672.0,221.0,2408.0,2.1390988858984678e-18,,
1652,1673.0,268.0,3252.0,0.17278995850128093,,
1653,1674.0,181.0,2228.0,0.17278995850128093,,
1654,1675.0,243.0,2916.0,0.17278995850128093,,
1655,1676.0,115.0,988.0,1.6854682455812052e-59,,
1656,1677.0,152.0,1428.0,2.6051316847989067e-18,,
1657,1678.0,192.0,2312.0,0.17278995850128093,,
1658,1679.0,206.0,2424.0,0.17278995850128093,,
1659,1680.0,101.0,940.0,1.9686403588749218e-18,,
1660,1681.0,228.0,2608.0,0.17278995850128093,,
1661,1682.0,202.0,2380.0,0.17278995850128093,,
1662,1683.0,170.0,1648.0,1.8226739125671777e-18,,
1663,1684.0,243.0,2580.0,1.374601005999954e-18,,
1664,1685.0,227.0,2824.0,0.17278995850128093,,
1665,1686.0,242.0,2940.0,0.17278995850128093,,
1666,1687.0,257.0,3116.0,0.17278995850128093,,
1667,1688.0,216.0,2120.0,1.5146918878354688e-18,,
1668,1689.0,141.0,1256.0,5.0989294713301e-60,,
1669,1690.0,246.0,2936.0,0.17278995850128093,,
1670,1691.0,269.0,3176.0,0.17278995850128093,,
1671,1692.0,220.0,2620.0,0.17278995850128093,,
1672,1693.0,246.0,2872.0,0.17278995850128093,,
1673,1694.0,155.0,1512.0,1.341987204089444e-18,,
1674,1695.0,83.0,528.0,1.0239520080132231e-91,,
1675,1696.0,79.0,516.0,1.0678963362117946e-91,,
1676,1697.0,273.0,3224.0,0.17278995850128093,,
1677,1698.0,244.0,3016.0,0.17278995850128093,,
1678,1699.0,252.0,3012.0,0.17278995850128093,,
1679,1700.0,226.0,2664.0,0.17278995850128093,,
1680,1701.0,111.0,840.0,6.357114051748434e-61,,
1681,1702.0,205.0,2420.0,0.17278995850128093,,
1682,1703.0,149.0,1304.0,4.8619540233301946e-61,,
1683,1704.0,328.0,4704.0,0.4995,,
1684,1705.0,173.0,1708.0,6.954631756426942e-19,,
1685,1706.0,125.0,1200.0,7.384903858336151e-19,,
1686,1707.0,205.0,2448.0,0.17278995850128093,,
1687,1708.0,256.0,3124.0,0.17278995850128093,,
1688,1709.0,144.0,1368.0,7.384903858336151e-19,,
1689,1710.0,244.0,2900.0,0.16272256966869267,,
1690,1711.0,202.0,2416.0,0.16272256966869267,,
1691,1712.0,228.0,2736.0,0.16272256966869267,,
1692,1713.0,91.0,672.0,2.7708641305765594e-61,,
1693,1714.0,150.0,1460.0,4.899988021999791e-19,,
1694,1715.0,236.0,2748.0,0.16272256966869267,,
1695,1716.0,74.0,464.0,5.266446543344001e-93,,
1696,1717.0,198.0,2372.0,0.16272256966869267,,
1697,1718.0,282.0,3388.0,0.16272256966869267,,
1698,1719.0,200.0,2276.0,0.16272256966869267,,
1699,1721.0,253.0,3088.0,0.16272256966869267,,
1700,1722.0,110.0,856.0,9.348360335816117e-62,,
1701,1723.0,198.0,1980.0,2.6856749117111693e-19,,
1702,1724.0,194.0,2368.0,0.16272256966869267,,
1703,1725.0,196.0,2348.0,0.16272256966869267,,
1704,1726.0,105.0,824.0,9.518240104806083e-62,,
1705,1727.0,72.0,548.0,1.0446390372043454e-61,,
1706,1728.0,207.0,2420.0,0.16272256966869267,,
1707,1729.0,224.0,2760.0,0.16272256966869267,,
1708,1730.0,210.0,2100.0,1.8752696086840592e-19,,
1709,1731.0,203.0,2416.0,0.16272256966869267,,
1710,1732.0,109.0,856.0,3.6573236979564157e-62,,
1711,1733.0,224.0,2612.0,0.16272256966869267,,
1712,1734.0,218.0,2508.0,0.16272256966869267,,
1713,1735.0,208.0,2484.0,0.16272256966869267,,
1714,1736.0,247.0,2968.0,0.16272256966869267,,
1715,1737.0,150.0,1460.0,2.4033810651694e-19,,
1716,1738.0,230.0,2820.0,0.16272256966869267,,
1717,1739.0,175.0,1744.0,2.2296374596189524e-19,,
1718,1740.0,152.0,1520.0,1.696729215658335e-19,,
1719,1741.0,217.0,2524.0,0.16272256966869267,,
1720,1742.0,156.0,1464.0,1.696729215658335e-19,,
1721,1743.0,201.0,2400.0,0.16272256966869267,,
1722,1744.0,111.0,1032.0,1.696729215658335e-19,,
1723,1745.0,132.0,1232.0,1.696729215658335e-19,,
1724,1746.0,109.0,1004.0,1.696729215658335e-19,,
1725,1747.0,256.0,2976.0,0.16272256966869267,,
1726,1748.0,160.0,1556.0,1.605884810815719e-19,,
1727,1749.0,113.0,972.0,9.35241677197847e-63,,
1728,1750.0,85.0,608.0,7.474690497961771e-63,,
1729,1751.0,155.0,1512.0,1.4242065457553154e-19,,
1730,1752.0,224.0,2756.0,0.16272256966869267,,
1731,1753.0,240.0,2996.0,0.16272256966869267,,
1732,1754.0,176.0,2120.0,0.16272256966869267,,
1733,1755.0,175.0,1680.0,1.3159716923441535e-19,,
1734,1756.0,136.0,1320.0,1.4617405121734983e-19,,
1735,1757.0,196.0,2132.0,1.273232333147487e-19,,
1736,1758.0,242.0,2948.0,0.16272256966869267,,
1737,1759.0,115.0,1064.0,1.4617405121734983e-19,,
1738,1760.0,183.0,1820.0,1.039206294656134e-19,,
1739,1761.0,206.0,2432.0,0.16272256966869267,,
1740,1762.0,224.0,2748.0,0.16272256966869267,,
1741,1763.0,85.0,628.0,3.099009114499264e-63,,
1742,1764.0,147.0,1440.0,1.114596289242882e-19,,
1743,1765.0,65.0,444.0,3.145868249155814e-63,,
1744,1766.0,245.0,3040.0,0.16272256966869267,,
1745,1767.0,198.0,2340.0,0.16272256966869267,,
1746,1768.0,248.0,3084.0,0.16272256966869267,,
1747,1769.0,179.0,2104.0,0.16272256966869267,,
1748,1770.0,237.0,2756.0,0.16272256966869267,,
1749,1771.0,219.0,2732.0,0.16272256966869267,,
1750,1772.0,151.0,1344.0,9.526502197584109e-64,,
1751,1773.0,101.0,752.0,1.222156730241256e-63,,
1752,1774.0,179.0,1868.0,7.798245253018756e-20,,
1753,1775.0,147.0,1312.0,9.319105169867719e-64,,
1754,1776.0,267.0,3152.0,0.16272256966869267,,
1755,1777.0,228.0,2752.0,0.16272256966869267,,
1756,1778.0,119.0,1096.0,8.456532907799386e-20,,
1757,1779.0,116.0,988.0,1.1270195509153318e-63,,
1758,1780.0,180.0,2144.0,0.16272256966869267,,
1759,1781.0,211.0,2084.0,4.882535158711537e-20,,
1760,1782.0,202.0,2388.0,0.16272256966869267,,
1761,1783.0,206.0,2496.0,0.16272256966869267,,
1762,1784.0,257.0,3152.0,0.16272256966869267,,
1763,1785.0,75.0,476.0,6.303973923049716e-97,,
1764,1786.0,115.0,944.0,5.516835613411026e-64,,
1765,1787.0,198.0,2372.0,0.16272256966869267,,
1766,1789.0,152.0,1476.0,6.012067227776718e-20,,
1767,1790.0,166.0,1640.0,4.471037816327529e-20,,
1768,1791.0,97.0,736.0,2.9520260433838764e-64,,
1769,1792.0,107.0,796.0,2.867605093760595e-64,,
1770,1793.0,125.0,1048.0,2.6576418152217133e-64,,
1771,1794.0,186.0,1792.0,4.2656605236274815e-20,,
1772,1795.0,208.0,2440.0,0.16272256966869267,,
1773,1796.0,258.0,3112.0,0.16272256966869267,,
1774,1797.0,146.0,1384.0,4.4531804734094364e-20,,
1775,1798.0,68.0,428.0,1.6795380325524553e-97,,
1776,1799.0,154.0,1464.0,4.057520298052356e-20,,
1777,1800.0,73.0,552.0,1.7336439998072088e-64,,
1778,1801.0,65.0,368.0,8.379230932610668e-98,,
1779,1802.0,146.0,1416.0,3.871137948333391e-20,,
1780,1803.0,100.0,796.0,1.6490519299066303e-64,,
1781,1804.0,185.0,2120.0,0.16272256966869267,,
1782,1805.0,102.0,788.0,1.595494985501018e-64,,
1783,1806.0,132.0,1204.0,3.8827746277756094e-20,,
1784,1807.0,149.0,1400.0,3.855676607887067e-20,,
1785,1808.0,82.0,592.0,1.7336439998072088e-64,,
1786,1809.0,132.0,1260.0,3.8827746277756094e-20,,
1787,1810.0,235.0,2816.0,0.16272256966869267,,
1788,1811.0,92.0,696.0,1.2473994469759528e-64,,
1789,1812.0,207.0,2496.0,0.16272256966869267,,
1790,1813.0,97.0,724.0,1.2288188663454583e-64,,
1791,1814.0,134.0,1332.0,3.708127354443238e-20,,
1792,1815.0,198.0,2332.0,0.16272256966869267,,
1793,1816.0,114.0,924.0,1.1422693166980302e-64,,
1794,1817.0,100.0,788.0,1.2129397183893726e-64,,
1795,1818.0,118.0,1124.0,3.708127354443238e-20,,
1796,1819.0,122.0,1032.0,1.1096031209992125e-64,,
1797,1820.0,110.0,888.0,7.123262579699856e-65,,
1798,1821.0,243.0,3044.0,0.16272256966869267,,
1799,1822.0,237.0,2868.0,0.16272256966869267,,
1800,1823.0,205.0,2412.0,0.16272256966869267,,
1801,1824.0,204.0,2380.0,0.16272256966869267,,
1802,1825.0,132.0,1304.0,3.047827152106442e-20,,
1803,1826.0,240.0,2932.0,0.16272256966869267,,
1804,1827.0,249.0,3048.0,0.16272256966869267,,
1805,1828.0,210.0,2660.0,0.16272256966869267,,
1806,1829.0,200.0,2276.0,0.16272256966869267,,
1807,1830.0,77.0,572.0,2.8289455358768713e-65,,
1808,1831.0,131.0,1208.0,1.948783396186823e-20,,
1809,1832.0,151.0,1456.0,1.948783396186823e-20,,
1810,1833.0,84.0,544.0,3.243701594030789e-99,,
1811,1834.0,170.0,1656.0,1.948783396186823e-20,,
1812,1835.0,197.0,2076.0,1.948783396186823e-20,,
1813,1836.0,62.0,372.0,3.806823819739404e-99,,
1814,1837.0,177.0,1708.0,1.948783396186823e-20,,
1815,1839.0,147.0,1428.0,1.948783396186823e-20,,
1816,1840.0,87.0,628.0,1.7588608964814777e-65,,
1817,1841.0,106.0,1004.0,1.948783396186823e-20,,
1818,1842.0,130.0,1300.0,1.948783396186823e-20,,
1819,1843.0,93.0,752.0,1.737870264462715e-65,,
1820,1844.0,83.0,612.0,1.7659139639152453e-65,,
1821,1845.0,133.0,1260.0,1.948783396186823e-20,,
1822,1846.0,128.0,1208.0,1.948783396186823e-20,,
1823,1847.0,178.0,2076.0,0.16272256966869267,,
1824,1848.0,123.0,1148.0,1.933247585956857e-20,,
1825,1849.0,79.0,520.0,1.1737535852452289e-99,,
1826,1850.0,149.0,1412.0,1.8723330342328642e-20,,
1827,1851.0,183.0,2156.0,0.16272256966869267,,
1828,1852.0,142.0,1392.0,1.8723330342328642e-20,,
1829,1853.0,116.0,936.0,1.2898310982278703e-65,,
1830,1854.0,106.0,824.0,1.3211773702395789e-65,,
1831,1855.0,220.0,2624.0,0.16272256966869267,,
1832,1856.0,137.0,1208.0,1.1588843122429991e-65,,
1833,1857.0,241.0,2836.0,0.16272256966869267,,
1834,1858.0,81.0,608.0,1.3945200476561288e-65,,
1835,1859.0,220.0,2552.0,0.16272256966869267,,
1836,1860.0,210.0,2440.0,0.16272256966869267,,
1837,1861.0,168.0,1604.0,1.4134657558983794e-20,,
1838,1862.0,94.0,724.0,7.805629496781935e-66,,
1839,1863.0,199.0,2340.0,0.16272256966869267,,
1840,1864.0,251.0,3024.0,0.16272256966869267,,
1841,1865.0,194.0,2324.0,0.16272256966869267,,
1842,1866.0,249.0,3024.0,0.16272256966869267,,
1843,1867.0,164.0,1672.0,1.4391514619967287e-20,,
1844,1868.0,103.0,768.0,7.40991661630053e-66,,
1845,1869.0,181.0,2260.0,0.16272256966869267,,
1846,1870.0,213.0,2516.0,0.16272256966869267,,
1847,1871.0,214.0,2468.0,0.16272256966869267,,
1848,1872.0,241.0,3008.0,0.16272256966869267,,
1849,1873.0,214.0,2700.0,0.16272256966869267,,
1850,1874.0,140.0,1260.0,1.0777861551867709e-20,,
1851,1875.0,194.0,1860.0,9.397330205939441e-21,,
1852,1876.0,205.0,1996.0,9.303778658030762e-21,,
1853,1877.0,168.0,1592.0,1.0501112094506009e-20,,
1854,1878.0,142.0,1344.0,1.0777861551867709e-20,,
1855,1879.0,161.0,1532.0,1.0585500294904613e-20,,
1856,1880.0,251.0,3052.0,0.16272256966869267,,
1857,1881.0,266.0,3172.0,0.16272256966869267,,
1858,1882.0,256.0,2892.0,0.16272256966869267,,
1859,1883.0,155.0,1532.0,8.832115859578872e-21,,
1860,1884.0,92.0,700.0,1.1512957711531322e-66,,
1861,1885.0,83.0,616.0,1.1780959968080179e-66,,
1862,1886.0,72.0,520.0,1.1875633179995936e-66,,
1863,1887.0,82.0,640.0,1.1875633179995936e-66,,
1864,1888.0,72.0,508.0,1.1875633179995936e-66,,
1865,1889.0,276.0,3296.0,0.16272256966869267,,
1866,1890.0,151.0,1456.0,6.204147312864278e-21,,
1867,1891.0,114.0,912.0,4.8551566682943886e-67,,
1868,1892.0,253.0,3100.0,0.16272256966869267,,
1869,1893.0,214.0,2472.0,0.16272256966869267,,
1870,1894.0,196.0,2232.0,0.16272256966869267,,
1871,1895.0,194.0,2300.0,0.16272256966869267,,
1872,1896.0,240.0,2824.0,0.16272256966869267,,
1873,1897.0,130.0,1116.0,3.761861014550532e-67,,
1874,1898.0,207.0,2068.0,4.38436311744078e-21,,
1875,1899.0,200.0,2344.0,0.16272256966869267,,
1876,1900.0,223.0,2636.0,0.16272256966869267,,
1877,1901.0,90.0,752.0,2.0169814816809213e-67,,
1878,1902.0,113.0,1040.0,4.293206403177674e-21,,
1879,1903.0,160.0,1508.0,4.293206403177674e-21,,
1880,1904.0,147.0,1432.0,4.293206403177674e-21,,
1881,1905.0,75.0,560.0,2.0805194292771674e-67,,
1882,1906.0,228.0,2452.0,4.133046781229025e-21,,
1883,1907.0,143.0,1284.0,1.4717386731683905e-67,,
1884,1908.0,149.0,1496.0,4.293206403177674e-21,,
1885,1909.0,163.0,1768.0,4.293206403177674e-21,,
1886,1910.0,70.0,476.0,1.1692112731907e-67,,
1887,1911.0,124.0,1152.0,9.233114374354834e-68,,
1888,1912.0,214.0,2624.0,0.16272256966869267,,
1889,1913.0,219.0,2500.0,0.16272256966869267,,
1890,1914.0,163.0,1524.0,4.0188703073961506e-21,,
1891,1915.0,120.0,1148.0,4.133046781229025e-21,,
1892,1916.0,130.0,1296.0,4.133046781229025e-21,,
1893,1917.0,74.0,560.0,1.1692112731907e-67,,
1894,1918.0,265.0,3148.0,0.16272256966869267,,
1895,1919.0,196.0,2324.0,0.16272256966869267,,
1896,1920.0,227.0,2460.0,2.3767598913147653e-21,,
1897,1921.0,177.0,1648.0,2.958989257614597e-21,,
1898,1922.0,285.0,4288.0,0.4995,,
1899,1923.0,216.0,2472.0,0.16272256966869267,,
1900,1924.0,192.0,2308.0,0.16272256966869267,,
1901,1925.0,119.0,1132.0,3.2638150623974195e-21,,
1902,1926.0,247.0,2976.0,0.16272256966869267,,
1903,1927.0,205.0,2428.0,0.16272256966869267,,
1904,1928.0,167.0,1632.0,3.1389152005027882e-21,,
1905,1929.0,234.0,2712.0,0.16272256966869267,,
1906,1930.0,98.0,748.0,1.6802529409685342e-68,,
1907,1931.0,136.0,1356.0,2.1786265186425982e-21,,
1908,1932.0,116.0,1072.0,2.1786265186425982e-21,,
1909,1933.0,115.0,932.0,1.5218014676206648e-68,,
1910,1934.0,180.0,1812.0,2.133329988741614e-21,,
1911,1935.0,125.0,1228.0,2.1786265186425982e-21,,
1912,1936.0,111.0,1032.0,2.1786265186425982e-21,,
1913,1937.0,238.0,2844.0,0.15981832768273851,,
1914,1938.0,148.0,1536.0,2.1786265186425982e-21,,
1915,1939.0,230.0,2784.0,0.15981832768273851,,
1916,1940.0,129.0,1112.0,8.183907248639728e-69,,
1917,1941.0,122.0,1140.0,1.9282900007945737e-21,,
1918,1942.0,163.0,1572.0,1.86379846146304e-21,,
1919,1943.0,227.0,2636.0,0.15981832768273851,,
1920,1944.0,201.0,2400.0,0.15981832768273851,,
1921,1945.0,285.0,3392.0,0.15981832768273851,,
1922,1946.0,193.0,2316.0,0.15981832768273851,,
1923,1947.0,198.0,2348.0,0.15981832768273851,,
1924,1948.0,88.0,684.0,8.216724880671813e-69,,
1925,1949.0,256.0,2768.0,1.387452026406746e-21,,
1926,1950.0,182.0,2140.0,0.15981832768273851,,
1927,1951.0,108.0,936.0,3.4409114973493096e-69,,
1928,1952.0,252.0,3044.0,0.15981832768273851,,
1929,1953.0,223.0,2724.0,0.15981832768273851,,
1930,1954.0,175.0,2160.0,0.15981832768273851,,
1931,1955.0,124.0,1216.0,1.387452026406746e-21,,
1932,1956.0,213.0,2464.0,0.15981832768273851,,
1933,1957.0,115.0,984.0,3.299316719827975e-69,,
1934,1958.0,165.0,1636.0,1.2974949813705247e-21,,
1935,1959.0,88.0,664.0,3.8566288404250166e-69,,
1936,1960.0,75.0,504.0,1.2273173516371321e-105,,
1937,1961.0,90.0,680.0,1.8356932387652755e-69,,
1938,1962.0,204.0,2428.0,0.15981832768273851,,
1939,1963.0,119.0,1100.0,1.0537248877597944e-21,,
1940,1964.0,160.0,1556.0,1.049516306344236e-21,,
1941,1965.0,123.0,1148.0,1.0537248877597944e-21,,
1942,1966.0,222.0,2600.0,0.15981832768273851,,
1943,1967.0,263.0,3120.0,0.15981832768273851,,
1944,1968.0,92.0,700.0,1.8247065780449246e-69,,
1945,1969.0,172.0,1712.0,1.0359541572210476e-21,,
1946,1970.0,90.0,688.0,9.532238419429086e-70,,
1947,1971.0,98.0,744.0,9.287473556072476e-70,,
1948,1972.0,97.0,736.0,9.306076402801676e-70,,
1949,1973.0,171.0,1648.0,8.3963989374809535e-22,,
1950,1974.0,118.0,1188.0,8.713045874994152e-22,,
1951,1975.0,109.0,944.0,8.513243703914261e-70,,
1952,1976.0,91.0,752.0,9.570462886469929e-70,,
1953,1977.0,143.0,1400.0,8.713045874994152e-22,,
1954,1978.0,219.0,2572.0,0.15981832768273851,,
1955,1979.0,193.0,2336.0,0.15981832768273851,,
1956,1980.0,91.0,664.0,6.082737988541124e-70,,
1957,1981.0,86.0,632.0,6.205679544828308e-70,,
1958,1982.0,186.0,2172.0,0.15981832768273851,,
1959,1983.0,261.0,3168.0,0.15981832768273851,,
1960,1984.0,116.0,1052.0,7.828476294498854e-22,,
1961,1985.0,55.0,296.0,2.2068315377373245e-106,,
1962,1986.0,201.0,2168.0,7.07606073125326e-22,,
1963,1987.0,207.0,2608.0,0.15981832768273851,,
1964,1988.0,82.0,612.0,6.318450059617105e-70,,
1965,1989.0,106.0,888.0,5.6373657811385236e-70,,
1966,1990.0,116.0,1084.0,6.6172762098677425e-22,,
1967,1991.0,178.0,1716.0,6.525234112986817e-22,,
1968,1992.0,109.0,1044.0,6.6172762098677425e-22,,
1969,1993.0,221.0,2632.0,0.15981832768273851,,
1970,1994.0,84.0,648.0,3.5049604546500775e-70,,
1971,1995.0,123.0,1160.0,6.6172762098677425e-22,,
1972,1996.0,146.0,1432.0,6.6172762098677425e-22,,
1973,1997.0,105.0,884.0,2.974563135967116e-70,,
1974,1998.0,118.0,940.0,2.6486210457408633e-70,,
1975,1999.0,191.0,2000.0,6.219271737780146e-22,,
1976,2000.0,146.0,1428.0,6.219271737780146e-22,,
1977,2001.0,58.0,320.0,3.540357732243963e-107,,
1978,2002.0,129.0,1220.0,6.219271737780146e-22,,
1979,2003.0,210.0,2428.0,0.15981832768273851,,
1980,2004.0,81.0,596.0,2.1596303578250437e-70,,
1981,2005.0,120.0,1116.0,6.219271737780146e-22,,
1982,2006.0,176.0,1744.0,6.132765629577509e-22,,
1983,2007.0,222.0,2376.0,5.909890473982949e-22,,
1984,2008.0,155.0,1536.0,6.219271737780146e-22,,
1985,2009.0,174.0,1836.0,6.126632863947931e-22,,
1986,2010.0,89.0,688.0,1.1361164936339924e-70,,
1987,2011.0,225.0,2780.0,0.15981832768273851,,
1988,2012.0,125.0,1232.0,5.909890473982949e-22,,
1989,2013.0,86.0,672.0,1.1463928553419767e-70,,
1990,2014.0,165.0,1572.0,5.769672333307953e-22,,
1991,2015.0,101.0,892.0,1.034138621966132e-70,,
1992,2017.0,119.0,1100.0,5.909890473982949e-22,,
1993,2018.0,201.0,2420.0,0.15981832768273851,,
1994,2019.0,137.0,1344.0,5.909890473982949e-22,,
1995,2020.0,178.0,2080.0,0.15981832768273851,,
1996,2021.0,114.0,1084.0,5.2623056132662725e-22,,
1997,2022.0,220.0,2628.0,0.15981832768273851,,
1998,2023.0,139.0,1344.0,5.2623056132662725e-22,,
1999,2024.0,151.0,1436.0,5.241287943602927e-22,,
2000,2025.0,152.0,1460.0,5.230810609003664e-22,,
2001,2026.0,90.0,740.0,6.902970244009457e-71,,
2002,2027.0,129.0,1248.0,5.2623056132662725e-22,,
2003,2028.0,104.0,832.0,6.3022471405022936e-71,,
2004,2029.0,110.0,904.0,6.036864438328615e-71,,
2005,2030.0,186.0,2240.0,0.15981832768273851,,
2006,2031.0,53.0,296.0,2.141293175135377e-108,,
2007,2032.0,88.0,684.0,4.2918339281495075e-71,,
2008,2033.0,83.0,596.0,4.3436722664384005e-71,,
2009,2034.0,207.0,2484.0,0.15981832768273851,,
2010,2035.0,99.0,804.0,3.989546663674461e-71,,
2011,2036.0,118.0,1084.0,4.921117987289084e-22,,
2012,2037.0,173.0,1740.0,4.723335502137822e-22,,
2013,2038.0,148.0,1396.0,4.921117987289084e-22,,
2014,2039.0,230.0,2676.0,0.15981832768273851,,
2015,2040.0,146.0,1448.0,4.364378069166263e-22,,
2016,2041.0,84.0,652.0,2.5560291931630767e-71,,
2017,2042.0,94.0,784.0,2.5003830760023857e-71,,
2018,2043.0,207.0,2444.0,0.15981832768273851,,
2019,2044.0,91.0,692.0,2.505391353317668e-71,,
2020,2045.0,100.0,924.0,4.364378069166263e-22,,
2021,2046.0,94.0,708.0,2.505391353317668e-71,,
2022,2047.0,170.0,1828.0,4.312292623282573e-22,,
2023,2048.0,145.0,1428.0,4.325255418095861e-22,,
2024,2049.0,127.0,1100.0,1.8189962618151066e-71,,
2025,2050.0,138.0,1344.0,4.2015633624050745e-22,,
2026,2051.0,52.0,276.0,4.1048490755338203e-109,,
2027,2052.0,314.0,4544.0,0.4995,,
2028,2053.0,137.0,1356.0,4.2015633624050745e-22,,
2029,2054.0,116.0,1120.0,4.2015633624050745e-22,,
2030,2055.0,177.0,2076.0,0.15981832768273851,,
2031,2056.0,114.0,1084.0,4.2015633624050745e-22,,
2032,2057.0,131.0,1256.0,4.2015633624050745e-22,,
2033,2058.0,257.0,3060.0,0.15981832768273851,,
2034,2059.0,233.0,2736.0,0.15981832768273851,,
2035,2060.0,141.0,1360.0,3.0080426166496786e-22,,
2036,2061.0,76.0,568.0,7.564234443020998e-72,,
2037,2062.0,179.0,2164.0,0.1541644216838987,,
2038,2063.0,71.0,528.0,7.564234443020998e-72,,
2039,2064.0,269.0,3204.0,0.1541644216838987,,
2040,2065.0,164.0,1512.0,2.84698931555193e-22,,
2041,2066.0,280.0,3356.0,0.1541644216838987,,
2042,2067.0,161.0,1536.0,2.9249446704401387e-22,,
2043,2068.0,257.0,3100.0,0.1541644216838987,,
2044,2069.0,213.0,2528.0,0.1541644216838987,,
2045,2070.0,113.0,1056.0,2.091973654486292e-22,,
2046,2071.0,139.0,1372.0,2.091973654486292e-22,,
2047,2072.0,98.0,728.0,2.4666742140434915e-72,,
2048,2073.0,157.0,1436.0,2.091973654486292e-22,,
2049,2074.0,75.0,560.0,2.656229924880217e-72,,
2050,2075.0,127.0,1308.0,2.091973654486292e-22,,
2051,2076.0,95.0,712.0,2.4964676064479384e-72,,
2052,2077.0,77.0,556.0,2.661550364057969e-72,,
2053,2078.0,89.0,688.0,2.5545811658557906e-72,,
2054,2079.0,96.0,752.0,2.4740890614347e-72,,
2055,2080.0,151.0,1452.0,2.046430273610205e-22,,
2056,2081.0,132.0,1300.0,2.083618303344471e-22,,
2057,2082.0,147.0,1428.0,2.054636500007727e-22,,
2058,2083.0,177.0,2084.0,0.1541644216838987,,
2059,2084.0,81.0,516.0,1.4994508869497842e-110,,
2060,2085.0,195.0,2328.0,0.1541644216838987,,
2061,2086.0,129.0,1276.0,2.091973654486292e-22,,
2062,2087.0,92.0,708.0,2.0153032974557306e-72,,
2063,2088.0,134.0,1320.0,2.0815346850411266e-22,,
2064,2089.0,265.0,3144.0,0.1541644216838987,,
2065,2090.0,62.0,340.0,6.870891043770863e-111,,
2066,2091.0,89.0,688.0,1.1056899217944119e-72,,
2067,2092.0,54.0,288.0,7.130007674983433e-111,,
2068,2093.0,128.0,1272.0,1.7211804914006365e-22,,
2069,2094.0,135.0,1216.0,1.7211804914006365e-22,,
2070,2095.0,83.0,596.0,1.1123473428717677e-72,,
2071,2096.0,111.0,952.0,1.0816184631834764e-72,,
2072,2097.0,113.0,1052.0,1.7211804914006365e-22,,
2073,2098.0,79.0,584.0,1.0665738393504746e-72,,
2074,2099.0,303.0,3524.0,0.1541644216838987,,
